α1,α2,var_α1,var_α2,γ1,γ2,var_γ1,var_γ2,θ1,θ2,var_θ1,var_θ2,β1,β2,var_β1,var_β2
1.0,-2.0020951778177065,0.0,0.0024101131786544785,-0.04674537933453191,0.9722084720175056,0.09813711066497996,0.04434079983153184,2.005493320912576,1.0015201742042215,0.00577146016489513,0.0004625352519132278,-0.10089491737747527,-0.20450150522927601,0.24757658079531053,0.13763639243149386
1.0,-1.998252753802795,0.0,0.0025270730287995135,0.9189210780849667,0.02083461891427513,0.09975483845538473,0.041203339364257005,2.003584890682192,1.002653330592421,0.004639597195203171,0.0004958261390871367,0.6119437977858199,-0.49761388242057797,0.28306809731795973,0.05142444132912293
1.0,-2.004586254674625,0.0,0.0021864315569471325,1.8334402720028282,0.9438645227843595,0.08885853151451548,0.0637836651870221,2.00667779814902,1.0008157813545346,0.006135245970375378,0.0005249145770594881,-0.08894623811551192,-0.3955349880127737,0.1919132406798026,0.14237713432598376
1.0,-2.0075851611417104,0.0,0.002916044311332983,0.9046848731354461,1.9740748342715855,0.15335298795349758,0.08407423551273448,2.0118502735794612,1.0017785654356184,0.007954628478876152,0.0005432608306767537,-0.3767803384706375,-0.5999072408799228,0.2679024664821073,0.5685466500932648
