α1,α2,var_α1,var_α2,γ1,γ2,var_γ1,var_γ2,θ1,θ2,var_θ1,var_θ2,β1,β2,var_β1,var_β2
1.0,-1.986819280414578,0.0,0.02481674731493628,-0.03641177784921191,0.8399909640418163,0.6205882117688952,0.3393709420940503,1.9778813685487082,0.9932818730648866,0.0657327142082987,0.006631912737915463,-0.16392319273281683,-0.17002788828898396,2.1986068454406538,1.1625858840805816
1.0,-2.007899510354464,0.0,0.03920701240480621,0.7090746639464441,-0.03953745638206921,0.8883512594201657,0.36113688092528556,1.9910890114327453,0.9911240470229362,0.05825755493070792,0.005171421493710974,0.7286608196635963,-0.4646414335043585,4.117722618144332,0.7936831675513809
1.0,-2.0331435150812736,0.0,0.030237685990166015,1.3387472001079825,0.662388438228021,1.0795057342579375,0.3283359757238118,2.0230159482782155,0.9916290155334991,0.08373644675979819,0.007399925892075285,0.05699706832987719,-0.14773899999931023,5.916251561839459,1.598439788136983
1.0,-2.0352235170090216,0.0,0.025267948875844878,0.7020624736466203,1.316401677170373,0.499779409263486,0.4372789915529662,2.035514360513563,0.9971594570026044,0.07965220682894007,0.007266666094847104,-0.21226922340287202,0.10740007174552181,3.3580360950035453,2.665918036046814
