α1,α2,var_α1,var_α2,γ1,γ2,var_γ1,var_γ2,θ1,θ2,var_θ1,var_θ2,β1,β2,var_β1,var_β2
1.0,-2.0092717327246183,0.0,0.032571815150736774,-0.0011506318099537727,0.9907423505507867,0.6534709019935158,0.35091773760624106,1.997742241456667,0.9982346805776724,0.006855493687555628,0.002029401889570286,0.22949453402400866,-0.3436967159752203,0.0881836911962508,0.01976179701730804
1.0,-2.0002967481316007,0.0,0.02697979961423892,1.91746783388609,1.050786678582109,1.0074099866290223,0.42163580116315036,1.9942896432390447,1.0002249930611713,0.006975369787075957,0.0016070249444215836,0.27700266963681,-0.3585339032416642,0.12407018785204395,0.026196483436278985
1.0,-2.014215210039658,0.0,0.01852814045095136,1.0396493436884182,-0.047078379188930125,0.5702071021352783,0.3208067317820817,2.0019086848281296,0.9961919860253167,0.004665154951649522,0.001223243383811874,0.5473962808417525,-0.5038183063832844,0.09536714649111008,0.01019827640216865
1.0,-2.017278302560748,0.0,0.021875763031012758,0.9902656062153962,2.2418379763109435,0.7504910429366818,0.44388343623872734,2.002460374457681,0.9952352129241521,0.0057279328094947375,0.0012929886288649806,-0.044500395401149355,-0.3122308657540899,0.08964249003667878,0.03085007756558005
