α1,α2,var_α1,var_α2,γ1,γ2,var_γ1,var_γ2,θ1,θ2,var_θ1,var_θ2,β1,β2,var_β1,var_β2
0.45054229774835336,0.882823315133783,0.014045040323200742,0.003767719470568497,1.9459957989170587,-1.0844326664266948,0.2307594828680331,0.32519389046427183,-0.003810710644078109,0.010364551660482575,0.0156714274466417,0.0056541928796960805,0.8672963061429977,-0.4382398624422543,0.6162239347793523,0.31659100516271665
0.45417204455326876,0.8850092956979271,0.008227606960125967,0.0023646157414526302,1.99209241348471,-1.0466804058742702,0.10235366555300945,0.11630406280849546,0.678504801259786,0.010910641920332056,0.02051947204698684,0.005827983347572405,1.3860562290458416,-0.4741904747426339,0.9413645175428927,0.3808077240908557
0.4569135012431863,0.8870326831923119,0.0034865990493411856,0.0009609477489827087,1.993069307738526,-1.015131978444534,0.09867990921420938,0.020155610443700823,0.7236525446513812,0.7635329521098637,0.032149317414843524,0.016333871284996505,0.5313256098949914,-1.1786918273473486,1.1202826286011218,0.7811584275568525
0.4453586974792983,0.8944469303504538,0.0013137883118350478,0.00032289791664310554,2.0087025961405307,-0.9860154224733261,0.1689441730267738,0.019616338395215642,0.7458037475547167,1.4276955223935952,0.05242989436333862,0.04393458576858196,-0.9774054181337167,-3.8880919165656582,4.432322465676638,5.150887120349158
0.460628387450255,0.8841441605947596,0.0048308731090547985,0.0013414420032336603,1.9736806872684094,-1.0353789344188795,0.07974556206925776,0.061034821238357,0.004486159915363855,0.7585855353965647,0.01946374085070426,0.01775169484801045,1.1112040287093259,-0.5596050476008875,0.8475160786740947,0.7444696747212172
0.44435101922452863,0.894173033548308,0.0023348192436211815,0.0007023098363167683,1.9880746675834637,-0.9747653435954233,0.13539085722743463,0.020533356832460974,1.4711291920341358,0.7232239882983664,0.06433647350450385,0.021120453003783648,-1.5067634974301518,-1.7137446702214125,3.8714041962982115,1.6617610199729471
