α1,α2,var_α1,var_α2,γ1,γ2,var_γ1,var_γ2,θ1,θ2,var_θ1,var_θ2,β1,β2,var_β1,var_β2
0.4852032504254035,0.8153109955058838,0.060886644157193005,0.039967685523441335,1.759620112803397,-0.9217390019829359,0.34409708640054204,0.12876590650532627,0.005842318495161646,0.003753449281159596,0.06903890780648696,0.022705086053996543,0.9743673447735504,-0.5101229286766864,0.12755564050886287,0.04638358006888155
0.42576295666055075,0.8941761266439905,0.014722473112227628,0.004646172620718246,2.005090762857115,-0.9347946009024,0.0652194038638074,0.043262633520850496,0.5106207135376201,0.009390752549941105,0.07033968855051072,0.013219059339965656,0.9815344586162666,-0.5166110355348181,0.14050198794550522,0.028139817060564083
0.445895749450236,0.8888029657737044,0.008841162661063556,0.0024783006258852582,1.9783509088551576,-0.9755312464182856,0.05482909931735479,0.0209616253633714,0.5187461053641222,0.5488461281800896,0.07826769464735665,0.03382560151542667,0.9541624293872916,-0.6189225597306467,0.20375638397496762,0.10353684297195145
0.45027108580890834,0.8895723064392407,0.004651256018892223,0.0013255731738719121,1.9810849570440339,-0.991290251806198,0.038673132609239325,0.008478616228159968,0.4708764927052359,1.0504008955907167,0.1449703359333126,0.07203548760195053,0.9739269661538859,-0.7084265307906462,0.46952222723685466,0.23686215447433034
0.48024061290652786,0.8629256482537043,0.01583321335407855,0.00914484654600887,1.874615102559562,-1.0029707338537752,0.11627004839732959,0.028975294135939265,-0.010413148954571938,0.5506012180682582,0.03428382603713912,0.03577962845668208,1.0138721838743372,-0.6674943170620357,0.09510525776010641,0.1319851893209174
0.45665858529967873,0.8853148493109491,0.005666730362687016,0.0020914050530986385,1.9612277238391815,-0.9967721137069567,0.04897868260342119,0.008753706139134506,1.019295342103677,0.49957046840191505,0.1805737435857812,0.056914955563998094,0.8432514057562193,-0.5736525445082952,0.4735855554052691,0.1620463323551645
