α1,α2,var_α1,var_α2,γ1,γ2,var_γ1,var_γ2,θ1,θ2,var_θ1,var_θ2,β1,β2,var_β1,var_β2
0.44007952123364147,0.8669697094885643,0.04120195124059333,0.014044046557470463,1.9051584917222382,-0.9207703148522189,0.15246650009195292,0.12607893441175233,-0.025189093618566326,-0.004141451948855122,0.05453689734950192,0.01840119905735579,1.0457661418855804,-0.5031114047336408,0.06417729578208996,0.028212996272393424
0.45315957747799684,0.8780523143338763,0.016784369452324605,0.007125257449581343,1.9422490814358135,-0.9744493234505396,0.0880662670156976,0.04209874489328439,0.46780131266176594,0.0008568750902393861,0.05597452442417454,0.015279449607830429,0.9436449492277377,-0.49521375159418035,0.1453134572516136,0.03125755213812853
0.4520800142265399,0.881111798403268,0.011558309170183408,0.007901952902029028,1.960511910981178,-0.9695087219169203,0.10064656341967601,0.02035969452957117,0.5226280565756667,0.5269686553768657,0.0768169891870635,0.05079151838620284,0.9110252709353568,-0.6313631579080248,0.21354378451492242,0.16861282146540288
0.45136434079443843,0.8878243980814123,0.005490635297121607,0.002628627360029835,1.9774224614110236,-0.9881864802114941,0.05583084338198013,0.005435871804531312,0.49508375814486927,0.9729228875996612,0.09833481674237905,0.08394646924054977,0.9645307830502428,-0.5384906417063684,0.28328421462604947,0.195799418744201
0.44221124246082705,0.8861229058679271,0.010969320369213302,0.008460389466577149,1.9826207910158442,-0.9578583910757239,0.0780939263245303,0.028754023819661315,0.010731149502683697,0.5616117417412109,0.04540803786306157,0.017557217358257975,0.986040009743392,-0.6091710152552654,0.10712188452463944,0.05987476070805469
0.46048681565031685,0.8829178222510212,0.006170604335204538,0.002322336840295535,1.9463806643982418,-0.9995185769050784,0.04965400985803523,0.011218078666890082,0.9234155858244536,0.47969768626610565,0.1489840120786373,0.040265302964276654,0.9396666181006447,-0.5340455515808393,0.36850869475755005,0.09877063525555353
