α1,α2,var_α1,var_α2,γ1,γ2,var_γ1,var_γ2,θ1,θ2,var_θ1,var_θ2,β1,β2,var_β1,var_β2
0.8949024231331163,-0.4457555503281685,9.110222451760517e-5,0.0003628097575009241,0.6425142441016806,0.00964631327555398,0.01629052975326622,0.009773282912100783,0.9966088847586686,2.0003879472798185,0.002165157413914827,0.00020948346867940434,0.6330748095897285,-0.508750544794306,0.0018392674184483434,0.00031337164759754905
0.8951508261545322,-0.445415034162374,6.153538704539789e-5,0.00025047041897426135,0.6573962679873264,1.2819418736331238,0.05060873681152284,0.017400388040510178,0.9953929887302825,2.0000293176484014,0.001604559412529319,9.255051884475771e-5,0.6593714763338554,-0.352266656497901,0.005636371489551357,0.0030141563464098054
0.885782793803346,-0.4461264079676455,0.0161216466341282,0.0003206350903188544,0.003148824049142736,0.6357704483312413,0.018379828930166268,0.023911680226761316,0.9900791584475708,1.9942257707993034,0.012358240330151326,0.006176527498859652,0.5248482463887105,-0.4151784005924783,0.0017596103739208411,0.0020503306941669582
0.8938606200816956,-0.44793857310956015,7.412402861345935e-5,0.00029193284348515445,1.2362843299943131,0.631244793792211,0.03734457195627685,0.017006468113823326,1.0018032147726725,1.9986434561205157,0.0018572458094937988,0.00012216130188649348,0.7370579654725192,-0.4220176096142786,0.0051863010614885355,0.0010779917077383305
