α1,α2,var_α1,var_α2,γ1,γ2,var_γ1,var_γ2,θ1,θ2,var_θ1,var_θ2,β1,β2,var_β1,var_β2
0.8953401417083895,-0.4452759626474359,1.9241245042500194e-5,7.706959738236533e-5,0.0007977595644224928,0.5273489548459919,0.0004451899904576955,0.00017584402607888951,0.9963821680794474,2.0037180979850913,0.00025312760534509503,0.000530956582843039,0.6201281374736429,-1.2701515063797837,0.004209322782728435,0.0188907463830951
0.8941044565118398,-0.44777064524110505,1.5923736140739386e-5,6.354101742661837e-5,0.5233879307210403,0.0026650229730233914,0.00044222229712578533,0.00015604912809175493,0.9998055102594584,1.996700350488672,0.00015477979897245524,0.0006348850785089627,-0.45827508639358705,-0.4637227466351153,0.023559064429457367,0.00150429767729601
0.8945730641023718,-0.44686593902178084,1.017082311500467e-5,4.019839372935711e-5,1.0451170333002986,0.5255099319037921,0.0006117971144182085,0.0003088135528698939,0.9983789873009993,1.9986476279118157,0.0002276804619306656,0.00020291356365675982,-1.7743186115160337,-1.349926006149167,0.13305808400398028,0.047083293493212094
0.8942433834635872,-0.44752936681649735,9.38816862340757e-6,3.731583988233685e-5,0.5093557656270292,1.0617120172323926,0.001432113903010242,0.0005808875629512285,0.9997051172070992,1.9975033040771908,0.0003001380609362728,0.00015398214385880135,-0.3408837064121441,-2.281740278544821,0.10925938120601887,0.16109900575722635
