α1,α2,var_α1,var_α2,γ1,γ2,var_γ1,var_γ2,θ1,θ2,var_θ1,var_θ2,β1,β2,var_β1,var_β2
0.8945503183461514,-0.44692746892397095,7.107366704848454e-6,2.8636822251933796e-5,0.6440426566031582,-0.0029283915146018167,0.0052825034504597,0.0021382938535493704,0.999280755826962,2.0002325223561273,9.253951430973152e-5,0.0002987861869730731,-0.5229043995069941,-0.44876044010781013,0.2125914372371344,0.007253018170605875
0.8944632051306443,-0.44711813361624,4.2045286425077536e-6,1.685000296074022e-5,0.681914131346706,1.267769932077072,0.029762531277566888,0.014358145759731778,0.9999133405783626,2.0003146381929127,0.00012672538627849257,0.00011327661338385248,-0.5670133670929145,-2.389947504666427,0.2686509128180607,0.3189108830865418
0.8944026915260672,-0.4472331462451764,5.280650623467912e-6,2.1189993162951815e-5,-0.0010082959731443969,0.6569746225376457,0.005065747161919276,0.003857312802407342,1.0000247668382896,1.9999649945081226,9.057339601632492e-5,0.00019668439833100317,0.6592255631529119,-1.2572651062880724,0.011324681622790725,0.07621446804643936
0.89459586439809,-0.4468514845002607,4.4139729902907e-6,1.7686732283563465e-5,1.2060540795112056,0.6460287053665306,0.017521994048935424,0.010236367445415392,0.998521962187151,1.9990431834582032,0.00011762444876354055,0.00015555433528614796,-2.371353720065953,-1.2358440503735135,0.8317525305922426,0.08215615416675337
