α1,α2,var_α1,var_α2,γ1,γ2,var_γ1,var_γ2,θ1,θ2,var_θ1,var_θ2,β1,β2,var_β1,var_β2
0.8944629617483545,-0.44707761441322474,1.160013406394746e-5,4.630614828911799e-5,0.6392602405861919,0.0056286026752390824,0.004795568293913723,0.0025610474278346114,0.9999221233022777,2.000747541376537,0.00017064338003741853,0.0006786873710272367,-0.5503288480310075,-0.4429476841117596,0.1873461407495889,0.00933374886310616
0.8946054024665573,-0.44680766985300374,8.85823928860184e-6,3.5443306619293634e-5,0.6901358532154304,1.2911016452945532,0.02399777251451328,0.014654144175397019,0.9991880103871169,2.0005229178125283,0.00031817226389790746,0.00034275070221867655,-0.5875796217611253,-2.4299146608775337,0.3587476145484065,0.38774239227332896
0.8945866593232162,-0.44682445175105917,1.2528179574695746e-5,5.040476343397795e-5,0.004333052739766682,0.6518678631550426,0.00588204964298053,0.0035802815354745413,0.9983513274389386,1.9989425796862046,0.00021983158536039994,0.000518431709424087,0.6482499879114983,-1.2758966806494232,0.018694164864473478,0.09652680854585838
0.8944248818399367,-0.44715696238431085,1.1041704193744266e-5,4.4015317767316595e-5,1.2125909924130838,0.6366074918635782,0.020093660702119966,0.010226174982335115,0.9995555613624282,1.9993319949081052,0.00032540572248629813,0.00036945709085675643,-2.3185769941223704,-1.2540472814170789,0.7417163482525441,0.09071025437746764
