α1,α2,var_α1,var_α2,γ1,γ2,var_γ1,var_γ2,θ1,θ2,var_θ1,var_θ2,β1,β2,var_β1,var_β2
0.8899708447817087,-0.4492395214950917,0.0012673637846174332,0.004930361230930822,-0.006380978982451375,0.5268359492008502,0.038066031954015304,0.024252444811031153,1.0059238340027086,1.9867321983967818,0.029468225260393194,0.0028194404781602986,0.5158660251158266,-0.3863376728128693,0.007262876918185591,0.0048714817026833295
0.8833934117753813,-0.42305772498204414,0.014044399440797634,0.027004329210584987,0.48017197433088066,-0.010339123810089374,0.06715333665658209,0.027397202294293047,0.9821055441912239,1.9708755291423785,0.045109024534674524,0.02958044197333068,0.6521637598748207,-0.5033767638563947,0.004013937841831066,0.0014223485313314204
0.8931893655371762,-0.44390436193751287,0.001108456349249791,0.0041053565236255475,1.0187198340803665,0.5199049669598064,0.07619227179546643,0.024856942195286145,0.9928585445329019,1.9915783050263596,0.025739397508937004,0.002041554440498373,0.8172676500289034,-0.42983314135068795,0.07687244637065065,0.05807096963190211
0.8926959973025516,-0.4458352972980262,0.0008996689737988334,0.0034687593930530555,0.4739087194422135,0.9682424528921052,0.06216701180469078,0.07240563534586981,0.996975030352779,1.9907553304107004,0.021984978605869305,0.0014265373939314398,0.6722351935937259,-0.2166478791550487,0.12797482658107562,0.07195521190771066
