α1,α2,var_α1,var_α2,γ1,γ2,var_γ1,var_γ2,θ1,θ2,var_θ1,var_θ2,β1,β2,var_β1,var_β2
0.881001478141733,-0.444140164247092,0.012451932050203252,0.014257525250950163,0.6261457856949664,-0.00558079811121977,0.04332392198544899,0.0183947849697712,1.0056727616417858,1.9718946580978949,0.013818444757284191,0.042650877519261284,0.6452060907798612,-0.5019129538292159,0.003363540385196774,0.000803483881409056
0.8730540985004793,-0.43469000359643567,0.02639960131218832,0.022666872923837768,0.6225049619654797,1.2315205978157207,0.07180538787579305,0.09124218514949924,0.9948974020875869,1.959905731473909,0.020862390250943323,0.06860376365454543,0.6790475348039964,-0.3093464707601387,0.014233614096557337,0.01628211630293201
0.8712077765408006,-0.42400083855365184,0.030547067125630867,0.03098087156847442,0.00893806069941405,0.6240189248703378,0.04766366172754036,0.06199524767345918,0.9796896955134785,1.9535548787811343,0.022957913729040654,0.09028532404071304,0.5321524969790163,-0.399591506873538,0.002860941931480551,0.00946670193798412
0.8914576409472305,-0.43472658450089285,0.001640603573374223,0.014757457858773375,1.244049055316593,0.6242484883961466,0.07844605240147198,0.029989438389977873,0.988746111204033,1.9784921463669818,0.019625907991932846,0.033768350120057425,0.7289332188195731,-0.4183053236928875,0.011119923057105154,0.0035378067438583067
