α1,α2,var_α1,var_α2,γ1,γ2,var_γ1,var_γ2,θ1,θ2,var_θ1,var_θ2,β1,β2,var_β1,var_β2
0.8910957535633273,-0.45160580411942014,0.00041753975872892786,0.0016032235413296631,-0.006160337481142513,0.5314424591296669,0.019290626703657623,0.009453301637393623,1.0102899572175863,1.991642952732746,0.009572601923874966,0.0009318636895668911,0.5174047360163239,-0.3851984035866281,0.0014959280176594393,0.0011894063627642033
0.8952300498561054,-0.44310275642698627,0.00045195577281671387,0.0017936049155084907,0.5222581919712244,0.000702983958009328,0.020261772023087557,0.007921686628495803,0.9898979566461127,1.9980243540300344,0.010547721015752265,0.0010513336653107156,0.6424215926544449,-0.5086134368084237,0.0008630226316937771,0.0004360955050854512
0.8934951102451015,-0.44750503376637896,0.0002848177326429026,0.0011351143096258508,1.0465396613217492,0.5199041635930107,0.03876207718327981,0.014688980861920943,1.000554862156134,1.995997887992691,0.007141892248215454,0.000428747408649567,0.7767129470802242,-0.3926690790048159,0.007865613857406372,0.004099076940576946
0.8937528080205595,-0.4473285356939373,0.00022351795753016863,0.0008907237690183094,0.4757190319576449,1.035821800095644,0.032953432812769475,0.025396639880398406,1.0000579038885926,1.9964589906482926,0.005863903353383624,0.00024139933927108694,0.6785979715745012,-0.2626587315208883,0.0117112667781152,0.008615700961779157
