α1,α2,var_α1,var_α2,γ1,γ2,var_γ1,var_γ2,θ1,θ2,var_θ1,var_θ2,β1,β2,var_β1,var_β2
0.46785175977181637,0.8505119180787568,0.039171327686547706,0.018863052297782422,-0.030294778236370785,0.016040914192843172,0.03739157309606314,0.04078832691732624,1.85205399424035,-0.9494158096583141,0.2141187231529844,0.09100617400368892,0.42167551730591657,-0.21517600419383454,0.02255119721687551,0.023014204139364863
0.45223302860490394,0.8670809123113973,0.03152450318500197,0.012350852939693164,0.28401592445873464,0.02671195925529276,0.02899050227600795,0.03861135407463695,1.9156077277454535,-0.9441063937355193,0.17125237681901812,0.08086859710046884,0.6325349519944684,-0.12096336681274716,0.024695143026719737,0.010990686287840232
0.46894680363497715,0.8594531672033808,0.0281953358963114,0.013441999525412638,0.30905037576229427,0.29553092576322,0.03603026544300969,0.044717772546165824,1.8766421440491825,-0.9614778507166148,0.18178915640280022,0.06690510379543,0.7169520030328446,0.08269638125240342,0.04755066068834588,0.022250394715171175
0.45001977846322555,0.8724912879307369,0.025977104549429208,0.010446163266523539,0.28144603283838365,0.5573026609291605,0.043561281689430756,0.08592326691580726,1.926319034492125,-0.942281697951772,0.15823057056003514,0.060960916333562584,0.7994888951861177,0.30388435344559905,0.15194542801244368,0.10822486338629898
0.45570996219908344,0.8591601123158259,0.03583505773625432,0.018609496794365864,-0.012412598701734652,0.3010590215557554,0.028346670526183504,0.042363398350999344,1.8945466048266686,-0.9355317853624683,0.20010068123262037,0.09329036557075,0.47465513475164495,-0.03795164420067927,0.02323596384263159,0.01525327102229836
0.44219520624615405,0.8840015585478049,0.015912483433496247,0.007207761850898888,0.5553323077441177,0.298274503142893,0.04936567637477881,0.05307802226398591,1.9723451156968872,-0.9490973904127088,0.10327746307319119,0.04634580430742469,0.9482617994820964,0.16316214083632527,0.09053189744704931,0.04587365021823436
