α1,α2,var_α1,var_α2,γ1,γ2,var_γ1,var_γ2,θ1,θ2,var_θ1,var_θ2,β1,β2,var_β1,var_β2
0.43086273837742245,0.8895959409825026,0.01737818125604882,0.005713640317182084,-0.0033784988950379775,0.0020427501022161794,0.011855850768006358,0.018521489786574197,1.9844961911229795,-0.941001199413521,0.06966837637327031,0.055928831454099735,0.41346281007425695,-0.19895191958740313,0.010070959867798091,0.007023332327664336
0.4439311970077035,0.8787839693242112,0.020676169752074872,0.010141747415855893,0.3113038574316517,0.008061110939826602,0.038051094655708474,0.02116229733925172,1.9515472074088072,-0.9486301846691607,0.119607512462443,0.04939266896071803,0.6732015972925309,-0.10990407178567971,0.05491197667013921,0.0168949106430113
0.4354819207444225,0.8908417672430187,0.013740392234814105,0.0031002534336116937,0.3131166599979748,0.3013146931274231,0.02863393361450195,0.03075989490864923,1.987692623645116,-0.9555478012413233,0.05396468527139104,0.04696934334801474,0.710320536744719,0.06492590601491267,0.07145686734486234,0.05231139199966829
0.4433319446115512,0.8880478940185073,0.010734655725626452,0.004167580270589347,0.2806320650576097,0.5853736973837034,0.018606941438533985,0.0453855338412722,1.9857914719209577,-0.9717769102452257,0.06408094233467118,0.026880436441607397,0.7580027432325945,0.26272699263104005,0.050751283645923385,0.030486678816408694
0.43421697559793304,0.8859697256582736,0.020588788717824467,0.006057707080756163,0.0037400624366516412,0.29776415700395636,0.01037875689197197,0.022257102171127918,1.9734390602633467,-0.9426173212554205,0.08388741294720081,0.06582805186238054,0.47123470758456526,-0.028205186961870462,0.025197486178205965,0.00949107131021403
0.4391064394905852,0.8919802965739646,0.009163567831812673,0.0024511912854973113,0.5721508530492129,0.2926696282450532,0.032616089317580574,0.02256455096508129,1.9968119025354452,-0.9661595337264159,0.05594275889067771,0.023419387600819113,0.9491412478678939,0.17122694473359487,0.06941555597414589,0.026449565878898733
