α1,α2,var_α1,var_α2,γ1,γ2,var_γ1,var_γ2,θ1,θ2,var_θ1,var_θ2,β1,β2,var_β1,var_β2
0.47183282932616266,0.8637856081434577,0.020330368414410573,0.011074862072328525,0.0031608676745117988,-0.0074368887560577164,0.012992790535969776,0.009183080957400148,1.9864162521731124,-1.2587102117283704,0.599846733151041,1.5748656994723018,0.40708562274445126,-0.00217995521476032,0.4129169168708066,0.5393190691040566
0.4348118316730638,0.8894624892236803,0.015824183925616693,0.004070440497629268,0.29285656450542474,-0.003726378454413168,0.01178012504320815,0.008523846099646326,1.938517118245924,-0.9919356544340648,0.7088783282880134,0.312836570399851,-0.03692022762382969,-0.10953471319253535,2.406172304203345,0.8476018985382734
0.4332476179426936,0.8919085888070394,0.013458177282880394,0.0034217933293981973,0.2867677824181645,0.2981636947380884,0.014483360838092086,0.023123525378263444,1.9725961161436538,-0.9820581741874661,0.6015944219920611,0.2477238209058308,0.007041198623319343,-0.10649371627974398,5.674495103464899,3.913795970902262
0.4493907718803824,0.8863287679719137,0.009692224502237801,0.002839684255695332,0.2966524156525191,0.6032609707852218,0.017488542435835627,0.04484222625044496,2.0139740096980976,-1.0304668274952262,0.4506844675424674,0.20460304972517596,-0.10287768746876588,0.306007767317555,8.458338205932165,10.275617169593454
0.4422940198825266,0.8843216518493614,0.017749714183726534,0.004713819531420712,-0.0018176904261918317,0.2975906652713194,0.007951456106513353,0.01953973945562477,1.8259072803996486,-0.9719338551071475,0.8690500097791628,0.3613041106627,0.08624221733317457,-0.4882048003790559,0.5619822023904336,1.3362098325709089
0.4441766716409161,0.8893597665348381,0.009416381541342536,0.0023889350808651787,0.5926836302759952,0.28045207387449334,0.03546880815842267,0.015715183184155757,1.9098035617145315,-0.9525893427972001,0.4365966804493811,0.1541441441217188,0.5914351500199726,0.4253075731684558,12.088939727896388,8.300995080873454
