α1,α2,var_α1,var_α2,γ1,γ2,var_γ1,var_γ2,θ1,θ2,var_θ1,var_θ2,β1,β2,var_β1,var_β2
0.44971027272731023,0.8750311856399631,0.023720212743790624,0.008522093548720433,0.004582384758780244,-0.011074296208176695,0.010436529175558523,0.013980781366929197,1.8929935906907531,-1.1442960637048745,0.965699292466703,0.8868077044245031,0.41443361704511483,0.04517653946157654,0.3817333063707956,0.5004833069017938
0.4621262958425055,0.8747171167016297,0.015492187145840204,0.005924146964785334,0.2994417329105253,0.0024739503097520087,0.014764053319083313,0.009031449787475297,1.9438652428845338,-1.0604228199490793,0.5653548258117735,0.3257378918121869,0.14093261529905562,0.04989344147127899,2.309086182446768,0.815028743053983
0.4467676562370059,0.8839752732790582,0.014721772062318771,0.004360014441909366,0.28956581025047096,0.30044669312888245,0.015257082949692264,0.02661419637399476,1.8416881172721857,-0.9573432093511545,0.578837085456811,0.3522058014714595,-0.023643598935123564,-0.21514489196779849,4.537932125795916,3.7662549690529152
0.4403056724536579,0.8903651797899349,0.010639277053052983,0.002808724376865563,0.2985117844437346,0.602359639832932,0.015718434757021928,0.038941366884364975,2.0085045593084327,-1.0033587075428754,0.5610688385745293,0.19774541418458724,-0.5199182339850626,-0.052611533336321806,6.705838053566601,7.325324552127579
0.45731878063630055,0.8710091645909843,0.022529506380009532,0.009834883645962923,0.010776063105695058,0.29670747346463255,0.01782343183098136,0.02372434225511324,1.9740344743654603,-1.1227917632474642,0.7446933366614492,0.6682322224528011,0.20132618532631574,-0.40290317510563717,0.6921448358061528,1.8299423058927105
0.4544841818146807,0.8830750817958934,0.008968660764159878,0.004722322543796101,0.568589315940292,0.3027678758161622,0.03282432717449195,0.016703839844078035,1.9881229395915656,-0.9840517744619633,0.42465993606753566,0.20296668510674776,0.6171503762642256,0.5637031803101148,9.650173318688564,6.794643651014547
