α1,α2,var_α1,var_α2,γ1,γ2,var_γ1,var_γ2,θ1,θ2,var_θ1,var_θ2,β1,β2,var_β1,var_β2
0.8942559658643202,-0.447122158523438,7.718183292249925e-5,0.00031281100467884745,0.7614388354035784,0.018999013582775736,0.07865692779446344,0.03647520562409925,1.0000410730736846,2.0014766334426373,0.001193895335117257,0.004379186232987052,-0.5570904940122123,-0.399608390980968,0.5455695565353317,0.08459712421537836
0.8942972188243701,-0.4470732133820631,7.131596490008711e-5,0.0002885094413640512,0.7524867139706666,1.6274397759359105,0.12101723837723267,0.07600468202208274,1.000331909233057,2.000587508136509,0.002375301598168463,0.0023802887611100087,-0.820911555657821,-3.1265771859137295,1.249324228582018,1.284626382810746
0.8952340165506699,-0.44512525227080857,8.369314387894347e-5,0.0003379806263767135,0.004354159479965375,0.8337975371879309,0.07928683270056561,0.053391994191479976,0.9921314042903088,1.9962377000588032,0.0017261064637788192,0.004104017774863754,0.7242277550518524,-1.2679349856006235,0.1771122080173646,0.23104165143540728
0.891448376225439,-0.44184166354608123,0.0009590069071414817,0.00918746231884818,1.6016839795319633,0.781567903086067,0.11317517884941831,0.059072880918618814,0.997478574663897,1.9819476607754778,0.004256001012727548,0.028304451707972463,-3.168060525141895,-1.4871886712161717,2.002698507050283,0.4001241136261578
