α1,α2,var_α1,var_α2,γ1,γ2,var_γ1,var_γ2,θ1,θ2,var_θ1,var_θ2,β1,β2,var_β1,var_β2
0.7927371621518923,-0.3404127608419812,0.10158232049673745,0.15538948251763904,0.6526167774310003,0.07820283520657538,0.4425611043611139,0.1848468463138668,0.9083295097335506,1.7299184838150206,0.2558493938817357,0.31128270376361833,0.652179435290106,-0.5153151576592617,0.027631877491005295,0.027499488854796455
0.788480538735529,-0.3566365128463089,0.11097058983836963,0.14140010135776532,0.6347721700574187,1.414219297057453,0.4426737412711935,0.6410132463058685,0.9751620198420627,1.7617955884772638,0.17623543667339459,0.31886057103673227,0.6673385421042853,-0.3819173884834188,0.07356193569730218,0.13280620276443228
0.7886160711576777,-0.36893841537210903,0.0936351656748932,0.14954989761610737,0.01454184523115851,0.7232729745927865,0.34828342238941373,0.22156901910027665,0.9423240810937473,1.708076365231735,0.21487237443860494,0.37964682382993864,0.5339530652616704,-0.39076035257481423,0.026124306675320532,0.03918601322573509
0.7626381436976405,-0.35823520951081916,0.1266684716001284,0.16483966552967727,1.360751242170081,0.7032520339751652,0.6770199008318369,0.3481525549575263,0.9690605796829372,1.6881023096473406,0.22273437766438517,0.4084276627106458,0.7598104844420387,-0.41192330138217614,0.07142843460629318,0.07196611691687362
