α1,α2,var_α1,var_α2,γ1,γ2,var_γ1,var_γ2,θ1,θ2,var_θ1,var_θ2,β1,β2,var_β1,var_β2
0.8955439113533861,-0.4446630991395265,5.4381474888652226e-5,0.00022283571255906736,0.7727872602991268,0.010211430669583571,0.09195650523604565,0.04020693328351823,0.9936118667731709,2.0021728743512357,0.0007319358746364338,0.0029809390007495364,-0.5849635447979541,-0.4306233083156132,0.5010271916539124,0.07913556882416027
0.8941939930967386,-0.44744350843757785,4.252103201344174e-5,0.00016995079389725258,0.7372045266239811,1.6081128811275816,0.10673285072257362,0.065496078428899,0.999159588907506,1.996713196678852,0.0011862243115724552,0.001320609887221614,-0.770734377084811,-3.129864640274651,1.1710324451734142,1.185109994636402
0.8924479812262556,-0.4408719041220845,0.0006844232315788202,0.008530214920128069,-0.0024368609510028753,0.8010712182751927,0.0881413085432082,0.049853191818502327,0.9843550924044624,1.9912176947850169,0.03780705539259352,0.006313626756399863,0.6808929063971398,-1.3425665439541534,0.1500313428509727,0.18662766920634558
0.8947368606467428,-0.44640276721959743,3.429796017496392e-5,0.00013707854102793218,1.5597422212285323,0.76456793588746,0.12632273590232024,0.04852338925379155,0.9989092256891128,2.0020894304229806,0.0010631597627323102,0.001506792938976549,-2.989455415922354,-1.443568264758786,2.0981399438178774,0.2482156232742696
