α1,α2,var_α1,var_α2,γ1,γ2,var_γ1,var_γ2,θ1,θ2,var_θ1,var_θ2,β1,β2,var_β1,var_β2
0.8844972789719867,-0.43536568623936583,0.012203539827648322,0.01605905588740475,0.7772322056654261,-0.01015753739139599,0.24343744112788882,0.07356626617155666,0.979462856575003,1.967302875152571,0.03195426632531454,0.05359975213796848,0.6367945908836375,-0.5035292601607582,0.006301231408732279,0.0023785182369335522
0.8864980690188934,-0.4225272959072202,0.01674986121331247,0.019020850182773916,0.671578160718264,1.5326030760145892,0.14716631859647206,0.17225039607152767,0.95030351569939,1.9619364100495162,0.05842896724214831,0.04287123836682656,0.6555266149061748,-0.4004445382906836,0.018899896597082442,0.01681569996753467
0.8712279364742456,-0.4311481457339568,0.04270417327846267,0.012645735401937848,-0.013776759944008224,0.7844504858535153,0.14941939168526153,0.13220459762583087,0.9670945329439498,1.9773772545496688,0.04597000353977072,0.017694516452609013,0.5351765442678633,-0.4255074125572619,0.008266285843251531,0.004545559351202367
0.8518074328277667,-0.4316853647226443,0.0702966262108432,0.01821778912950583,1.47086709649291,0.769507090689444,0.3494597039490464,0.14998961403386304,0.9764213493060909,1.9674900837255564,0.04867009253496833,0.03512647276048407,0.7066951081476682,-0.4567517448504571,0.016128394876530408,0.00796347872563464
