α1,α2,var_α1,var_α2,γ1,γ2,var_γ1,var_γ2,θ1,θ2,var_θ1,var_θ2,β1,β2,var_β1,var_β2
0.45129323705502644,0.8713853060015666,0.01693788535374744,0.020270217835149307,0.3012963956730205,0.008298241125828216,0.06411736658889583,0.024348553383494616,1.9526062884931314,-0.9932905348149109,0.05606065471273892,0.04290245295626047,0.8517005513077963,-0.40251969925069103,0.06243306440386975,0.03175337180915892
0.44406718213072643,0.8697145600291956,0.009809410320922115,0.03682468196822246,0.2719579900737266,0.5565312095548212,0.05755194104415155,0.03341439648995754,1.984604331578673,-0.9807799855873642,0.03722770270298238,0.03249697179563926,0.6884656105308699,-0.3166033773334122,0.040016498981610533,0.013006223875719279
0.45422645947931145,0.8807208935369971,0.013365000996575472,0.004734527843909498,-0.04752687562440202,0.3057020438509544,0.04530036101993987,0.029426177604858838,1.9496318762174405,-0.9830122301763535,0.07262264168749559,0.03532870804218502,0.8580532575461597,-0.3438146141585971,0.16145940666938288,0.03771838279624256
0.43786610665176723,0.8704189049807561,0.015036546771258893,0.03586214920635361,0.5675909000036499,0.3121787252886311,0.053903337132109555,0.02898827519530154,1.9872147462331704,-0.9797235914413054,0.04856967294377118,0.024742411217223766,0.7698043697503263,-0.37441865804448504,0.04529500002396301,0.013012124775865712
