α1,α2,var_α1,var_α2,γ1,γ2,var_γ1,var_γ2,θ1,θ2,var_θ1,var_θ2,β1,β2,var_β1,var_β2
0.4373248482901528,0.8906947598234862,0.012584775837415067,0.0029807008201376646,0.02591460366993911,-0.036415914983344524,0.3646471770005663,0.12666202050762507,1.9813021475531292,-0.9616933392051712,0.039690056241974296,0.046123785522184046,3.0556574624995196,-1.4973068057426893,7.760828395482175,1.2638999230667887
0.4441860360236047,0.8898972207859781,0.009027422592881768,0.0018631853253296257,1.4085641327007563,-0.0791438221118977,0.3515483904157372,0.11975627925972934,1.978515127255483,-0.979610429689501,0.028164830105480973,0.03333852721731929,0.4189307640497795,-1.184414105474733,5.790870042398214,0.8503762391983911
0.44545921639666397,0.8912258942454306,0.005909989587521351,0.0014460628909661623,0.9873868642065503,1.0610458749314775,0.19064880018156494,0.07109575735681428,1.995678323148335,-0.9870480451219298,0.03569892790665752,0.016326043346413095,1.0152580752730735,-2.25850013255623,1.7991988723098296,1.3292471160800878
0.44515297074801596,0.8931842083449432,0.003350241575440731,0.0007515792300476448,0.7099039493631518,1.4482554018106573,0.09262324497730155,0.04130234736830541,1.9986981115898652,-0.9882712370602917,0.02668612192848481,0.007587289340760091,1.113348876946373,-1.4116942120321436,0.3727277301171659,0.4956987991758965
0.44424960371486194,0.8916410164502024,0.006296317412609052,0.0013992253983383044,0.0071006286097179275,1.2468234481591631,0.1879735475283096,0.0795562816340022,1.9927218225181194,-0.9838522842701931,0.030033602814097126,0.02006990091717796,2.3800673051365933,-2.892834660254623,1.8617166318973801,3.2780215629776857
0.44791352323918604,0.8892914093244684,0.007044917270302003,0.0015755524278393863,1.6500906200936065,0.8714088684134722,0.19742006922847607,0.038512478828438536,1.9740809537514779,-0.9797477801932766,0.04666715959666405,0.01944331609899117,0.4722387932745156,-1.4233441284885717,1.8823249916378029,0.3715209698404407
