α1,α2,var_α1,var_α2,γ1,γ2,var_γ1,var_γ2,θ1,θ2,var_θ1,var_θ2,β1,β2,var_β1,var_β2
0.41493053373878247,0.8935725736002615,0.021777617164486552,0.00787966352304294,0.06887368592460752,0.04789488735914282,0.7458621296282212,0.28105709595279793,1.9980095082780474,-0.8981427989198019,0.09688156883112332,0.06384038008032443,3.142418898363325,-1.8083889561256015,10.8910906536149,7.441264314853593
0.44849832944652307,0.8772287318563075,0.022551342639055397,0.007063809370492832,1.4628982421379155,-0.049773803317493065,0.48395835998607467,0.1368209066734828,1.9416225032683994,-0.9636004599881673,0.09724891854699644,0.06863917637060382,0.1549637524962321,-1.1693288272878206,5.38108635461886,1.3492722100129604
0.46858340491194106,0.8703354234898935,0.013495417384552167,0.009682202069790964,0.9395761701956752,0.9608375515774462,0.21834590193799347,0.09695695903012053,1.9190958158762514,-0.9918678049216707,0.11613493116440557,0.02340770021375596,0.9823775835987536,-1.9774673819540465,1.7882311032377105,1.221755540591031
0.45327159117902033,0.8850684738108897,0.007891917695054363,0.003419861391916769,0.5831310118566841,1.3797762493886208,0.22934817573887956,0.07837800291819817,1.971923993524852,-0.9856693552035907,0.07859641427319393,0.011226320624560387,1.3280717136211126,-1.2700805085624092,1.0684104508201047,0.6215857930125557
0.47066214844855636,0.8665112834170156,0.017838152127908447,0.01007633042642094,0.016139659428086785,1.1528668991162543,0.29161733818921026,0.1205297515640992,1.900900005920305,-0.9915854784149155,0.12556408427659632,0.034863497947030093,2.2340711730201748,-2.5341919169573197,2.3497626388044837,1.927793322221314
0.4560425703652776,0.8824209305079078,0.010021512839901197,0.0034718966714010467,1.611167853563368,0.8889054057404161,0.26341501498391273,0.06422611025794189,1.959227380094384,-0.990057928826866,0.0736892062816536,0.01984884356009999,0.6086296854237564,-1.5550572616152794,1.8352437335946148,0.5958185869692255
