α1,α2,var_α1,var_α2,γ1,γ2,var_γ1,var_γ2,θ1,θ2,var_θ1,var_θ2,β1,β2,var_β1,var_β2
0.4464066321139335,0.8867248028505871,0.011746705913418188,0.0028393979393926167,0.028557974033539435,-0.015739218476286367,0.24792483385596947,0.07052085748508435,1.9875002213022444,-1.0742019467612833,0.4590615865771341,0.3389680551040887,6.912097728663713,-1.0805774802809762,433.5353819239818,87.32650643322575
0.45001627730617166,0.8859493872601637,0.010423799615674478,0.0022822947003207235,1.4935084152777418,0.02841060189678027,0.39510278422289746,0.07789601082526301,1.89943192116302,-0.9906774698254683,0.3807302363298936,0.18316924094527867,14.504005542965931,0.07810593620373606,793.6131111372323,63.29651365780197
0.433292099238689,0.8967676907303325,0.006774402396251993,0.0013727345729568862,1.0422758344354697,1.1351439128532752,0.1277691084215062,0.0680243260431521,2.0568286080765614,-0.9503640529614278,0.48677402824153,0.07392633788741124,4.338036415758342,-1.6436982752698244,70.86573695192233,79.2201065115976
0.44937485024521096,0.8910654567387708,0.003202426451776245,0.000903225845213692,0.7302998591858774,1.4780519492366446,0.04707042640969731,0.02750649351444604,1.9768307110658896,-0.9678449734788191,0.4430098306007395,0.07460453863306395,4.7543492748040235,2.148138529598993,6.081264437961384,37.028426980643204
0.448032945275971,0.8883475811602157,0.008272362961315314,0.001934763295384085,0.009659443261965677,1.2952662893052758,0.1901361735695467,0.09242968651050464,2.0104497850217573,-0.9985454085680401,0.4086564433631861,0.12946660629572984,4.476147262752136,2.253994805111697,70.92523984712467,222.8878970888543
0.44913166937546867,0.8897928619358945,0.005305379316403617,0.0013101827158539588,1.8045479212877649,0.9006207815900084,0.1272646697888635,0.028519506888412854,1.9437694674607997,-0.9494686715984888,0.4110623035252638,0.07058206805169909,5.512481157288425,1.0697357153932177,166.86334001943973,24.38367596794863
