α1,α2,var_α1,var_α2,γ1,γ2,var_γ1,var_γ2,θ1,θ2,var_θ1,var_θ2,β1,β2,var_β1,var_β2
0.4561274413226456,0.8805210446838017,0.012356092981107389,0.004442338474855528,-0.012014917259358578,-0.020206086456241973,0.3502893826148069,0.0863379459156296,1.9177498752417543,-1.1031550740388223,0.5958328445147201,0.7334289645457132,1.377592996901684,-1.5221340559711107,505.99983141311174,98.35823639859795
0.4593048722202412,0.879361880446822,0.010840107113933599,0.005080819726245015,1.439363679776915,-0.012726405315303788,0.4703598978908025,0.07675193073381316,1.975532178320074,-1.0856551240933938,0.3624444297332817,0.36991884114952334,16.487767074208378,-1.5103621873525193,869.9412168542021,56.6050127531867
0.4638898779123112,0.8791083354705972,0.009038814273848596,0.0030568581267744225,1.0611294195144008,1.100424637099657,0.11322354724913174,0.05984922609300033,1.9011988509209699,-0.9887115495543901,0.2956990818159608,0.09363447682490879,5.129414922319931,1.0206474592619137,47.281626884176454,55.73472636861144
0.4447645042559108,0.893562940626951,0.00303365514519802,0.0007338265640036431,0.7343272477153809,1.4940017524359077,0.06544664583646741,0.02319599510164999,2.046651594225048,-0.9938693226063188,0.33182427760972755,0.04193598991076362,4.712212583615898,0.40916103150351674,9.85255423449176,56.675700571174374
0.44481507436334083,0.8893542010822056,0.008329788787805957,0.002971882562262073,-0.009310917078743229,1.2840723821042597,0.2150592510342856,0.08175060852238854,2.003297547650712,-0.9916813435180739,0.3200466297568342,0.09542027631844564,4.540817520471125,5.430152941918356,51.7553039730142,272.8460177850911
0.4457714872754503,0.8917293731212247,0.005005329880974237,0.0011628582453497498,1.8291577437402686,0.9124274650276942,0.09945416099741798,0.024126385952839818,1.9663587825600712,-0.9694595085277729,0.27200925820642197,0.06414750446536567,5.421539465261186,0.9248743687606816,143.69297612395593,27.153876165228834
