α1,α2,var_α1,var_α2,γ1,γ2,var_γ1,var_γ2,θ1,θ2,var_θ1,var_θ2,β1,β2,var_β1,var_β2
0.4373913342283644,0.8693882739233837,0.016734186210430983,0.03638425590660516,0.2753421783421793,0.0032134658541514106,0.046880961433820416,0.022257221230615395,1.9869407145012619,-1.041964456385108,0.3386939748287534,0.25426862470802863,0.3406956287336481,1.2716712316272663,9.586888617999092,6.472445970916572
0.4341767907631224,0.8851045908948123,0.010451681598872064,0.017769803365512468,0.28049737489029875,0.5724213751610681,0.04145372291782183,0.02906785733248933,2.0353688047825718,-0.987415233242031,0.32669009025956963,0.09611635877880374,2.0100570405718976,-3.960950532429614,59.93015376342762,28.596260086890506
0.4215223954311639,0.8398696179791777,0.03874035431757085,0.07878516824070395,0.018295036440320208,0.3043271494157791,0.03993380020534376,0.03364976512832542,2.010618517582646,-1.0368465354405982,0.5879033119122995,0.4401758365486737,1.0196027332859487,0.45515572821012656,20.72964388990586,10.775279172127851
0.44366936508206484,0.8681322222685292,0.014642321197016476,0.03511038146306684,0.6003723877587961,0.2965123068441556,0.060564069868942846,0.023169340331408602,1.912006492193073,-0.9765651488723428,0.31382729781525487,0.1347298861652116,0.1974235781526097,-0.8072071235180701,66.43215208160387,26.432786012509396
