α1,α2,var_α1,var_α2,γ1,γ2,var_γ1,var_γ2,θ1,θ2,var_θ1,var_θ2,β1,β2,var_β1,var_β2
0.41529624287736394,0.8587812798569806,0.02170353109881471,0.06877259354354893,0.283263842839813,-0.0008926063036974668,0.05157957787895119,0.02482341197597333,1.8840214425510589,-0.9411024609023616,0.519144116309646,0.17919368377567543,0.19316027545118536,1.3915059781496182,6.660599686267439,10.546973717997343
0.44452414401410556,0.8860955727636971,0.015006216765387539,0.0023133021462729613,0.30528410542486273,0.5709184857493412,0.04384936906793595,0.018200828957851516,2.0247877402980485,-1.0184339517798513,0.44668297537783624,0.13879444932465856,2.026014817244019,-3.8278257629602592,45.62789994066215,26.410429460413287
0.4292690694956988,0.8207072242442283,0.027600701465715895,0.11528142722537037,-0.013157301747945882,0.27310424427551594,0.0447335176429087,0.029333192662399272,1.9204329586657551,-1.0206417196997217,0.4143004428351881,0.18990705328967558,0.5152957914699191,0.5436992338497612,33.05820052542636,8.096057649400494
0.44905105163063214,0.8730637063866442,0.01644229256509825,0.01985209700257899,0.5864948906922522,0.28841581439243735,0.055307608812049915,0.022221306609679182,1.9297270984436332,-0.9751969091221767,0.36363858150855016,0.12935395914027367,-1.1328618048038956,-0.25006414331564625,58.3929721691574,22.602049209328033
