α1,α2,var_α1,var_α2,γ1,γ2,var_γ1,var_γ2,θ1,θ2,var_θ1,var_θ2,β1,β2,var_β1,var_β2
0.4372428184263053,0.8088205145148869,0.05547863871778014,0.0999264799098524,0.2807938376391323,0.0084232657227602,0.079176066957972,0.04297239584022478,1.8811447788839224,-0.9193451273014158,0.1516438214117792,0.1717858222434684,0.8116679969779639,-0.3828254795524452,0.08433289212948723,0.07156122471191927
0.4101115490009861,0.8550486783271787,0.04099945840117452,0.06020684819878245,0.2658647757578168,0.5176513260086505,0.08471033058811123,0.04428398528833412,1.97735878830224,-0.9269156567461105,0.09448604789992722,0.0843888712000028,0.743838362771715,-0.31439275499645775,1.0074583131022483,0.20365487870980048
0.41907136177256993,0.8340472184673386,0.03160536794708914,0.097786020102136,0.0185488294323528,0.2860450949422221,0.07458679766908974,0.05205116626505595,1.974640278219436,-0.8935360106041021,0.10959548801791075,0.11837305029133684,0.7409368249148577,-0.33463666692287736,0.11003505875857005,0.04984394861994483
0.4236343982549436,0.8556970699953436,0.02848011288894452,0.06028010923824701,0.5562370759482722,0.2744355768806197,0.08793341606100398,0.03737949655191328,1.9858974708607968,-0.9054830588683024,0.13574707311038728,0.08706665514060488,0.8639792948800772,-0.2808413920428219,0.8763250540764541,0.49074583286471035
