α1,α2,var_α1,var_α2,γ1,γ2,var_γ1,var_γ2,θ1,θ2,var_θ1,var_θ2,β1,β2,var_β1,var_β2
0.8731629814249945,-0.3888158409983483,0.02614394250198624,0.06069892147566385,0.6758752466232161,-0.008343993041661068,0.12322008701531635,0.05128778655438129,0.9225670133923058,1.9096428197668252,0.09210349624159408,0.13838893993566004,0.6348332603797753,-0.5252648177700516,0.006399739463291254,0.007744693643814
0.8400351580588759,-0.40871265187095124,0.07143144283576264,0.05650313146133705,0.6475693703993431,1.3141027643040168,0.15162300407315255,0.30116856034568823,0.9633463529713009,1.8940310419399475,0.08982633964373506,0.16086009818079886,0.6798363748138379,-0.3419493853368067,0.040735932355430944,0.03142269388432225
0.850593402916844,-0.42420635808151064,0.06260506513299018,0.03441988831179824,-0.012786881811666446,0.6879624952627459,0.09847176170852036,0.08991240618540201,0.9778371011300636,1.9412965338640844,0.058549337760475294,0.08309339462420424,0.5420065197406183,-0.4073028964282484,0.007953035950180657,0.01714098234996937
0.8544485792690867,-0.41146320369554745,0.04769577488855921,0.05342548881961746,1.336833464711716,0.6603313067452514,0.26511785766193635,0.09698292214027163,0.9740146509478517,1.909290619850122,0.06692155670490314,0.14019606916081728,0.725052244576974,-0.43806598593881185,0.016504033968726996,0.012981715544753362
