α1,α2,var_α1,var_α2,γ1,γ2,var_γ1,var_γ2,θ1,θ2,var_θ1,var_θ2,β1,β2,var_β1,var_β2
0.8943249560010237,-0.4472681298133541,2.6977808647115767e-5,0.00010778915319340709,0.7128541822566667,-0.001971401195143341,0.01770992374487742,0.008667532374419563,0.999508965385887,1.999097421707561,0.0003838405928421624,0.0017402914961398687,-0.5727479195429861,-0.4357756048968717,0.2141176926306429,0.022948795385303183
0.8939041000088249,-0.4481473114717488,2.01334306450117e-5,7.981351212478133e-5,0.728539549030154,1.4513071965349666,0.05042439234918393,0.022945893583346352,1.0015169631686225,1.9975623791578059,0.0007321784353054921,0.000912524748912514,-0.7004016456153878,-2.7712485272219114,0.487770935249239,0.5461039165770948
0.8956368324760714,-0.44463346336608384,2.6958328915943627e-5,0.00010947138697492783,0.008852354130569859,0.7332735032578104,0.0167352564937341,0.012905724390435492,0.9951226626322013,2.004833724476825,0.0004947313782970267,0.0012623881105692735,0.6568080845429948,-1.3247640590323573,0.04795851280740343,0.11951898287500529
0.8945296762418168,-0.4468907729497003,2.1218842799888915e-5,8.46056548179385e-5,1.429916099238728,0.7226017873226026,0.03793681313460716,0.01935210413319475,0.9978091489117741,1.9973130474362262,0.0006134774298970346,0.0009612689537757519,-2.8538991326918546,-1.3703398860861267,1.32326716789999,0.12873794629232482
