α1,α2,var_α1,var_α2,γ1,γ2,var_γ1,var_γ2,θ1,θ2,var_θ1,var_θ2,β1,β2,var_β1,var_β2
0.437232593870057,0.8585594125362338,0.02236208822979041,0.04970162433613807,0.16946853159030473,0.0031081337022968044,0.004973309224892703,0.0014666369511445877,1.9598630102271957,-1.0525567150463209,0.33453870486453835,0.22728694542356961,-0.05712138710778869,0.06076078930306811,0.3042013647339076,0.17796290100744788
0.44915138099429847,0.8904271348236976,0.004286477689646553,0.0011432253461076912,0.17787137667808917,0.3606863788820749,0.0041098809458725806,0.003089855876923455,1.9492753819571988,-0.980111196969202,0.11803896481435677,0.04235738733307349,-0.62474192322224,-0.831218989584097,5.073365655264582,1.814676273618816
0.443608926035177,0.8687770233368595,0.014022805278507147,0.03465820423291295,0.011585658496003732,0.17955167930986268,0.0035797923294859867,0.002497017887958051,1.9368891108191217,-1.0111495570251352,0.22973303135224576,0.13869942295462445,0.3163071918602961,-0.1922153729112757,0.47597619699225635,0.15582893396300268
0.4355422619509888,0.8743704796712793,0.013567623748441676,0.03244162482847583,0.34969265940949307,0.17599758809302482,0.01014816094027483,0.003845333605129826,2.0065380077582615,-0.9932074804306074,0.17058135739101302,0.044677058592655326,-1.9547102442282949,0.5777548921791904,1.7370924691458194,0.8683333263646587
