α1,α2,var_α1,var_α2,γ1,γ2,var_γ1,var_γ2,θ1,θ2,var_θ1,var_θ2,β1,β2,var_β1,var_β2
0.42897044353331326,0.8178240886426752,0.04243354153927264,0.10545401485330025,0.17212429823288652,0.0010481917317303818,0.014457692594542326,0.005361557252315523,1.927122406480634,-0.9410197241904079,0.10142605137764006,0.10683351561687346,0.5911007857326489,-0.275899945479324,0.008903184115344954,0.002972916564197872
0.4423722137094157,0.8913252725581239,0.007883374150694449,0.002012186690528829,0.18421467458629032,0.3800565784383202,0.011212669461844153,0.006717304866897305,1.993557599764304,-0.9765843744222112,0.04233556798966351,0.02227722204485828,0.5095677906726086,-0.1628308983642093,0.29519314724170453,0.14562144813272374
0.4513374192598584,0.8692639271617982,0.019213581498207465,0.021665573186314322,0.008824254105605162,0.17536445556088368,0.006490936695092649,0.003786804746191303,1.9420779334181093,-0.9840053880363949,0.0746396979767876,0.043344370032044124,0.5211694865544708,-0.23117683391682317,0.007114701986842386,0.004018338733080104
0.44140936173030754,0.8900943085338452,0.010148875210280359,0.002805795435446909,0.3551068637630877,0.18072002759368594,0.007841311559274452,0.0041035644862394945,1.986614387451068,-0.9686643828594308,0.054069601818927816,0.028155060903788557,0.5857603457082705,-0.23226151055635852,0.10115678279405665,0.0729283329669268
