α1,α2,var_α1,var_α2,γ1,γ2,var_γ1,var_γ2,θ1,θ2,var_θ1,var_θ2,β1,β2,var_β1,var_β2
0.4413811652742877,0.8883446702106812,0.012640836687412713,0.003547460130150809,-0.010788505000474662,-0.0012737358947786123,0.015224205125273074,0.006095760004143693,1.9779655170741202,-0.9715737351639955,0.04102402615361952,0.04581497866405236,1.4659544626336702,-0.7142976880123519,0.25318821476689224,0.08079237812000681
0.44987121991241374,0.8866574425446649,0.009167941249095118,0.0024022254929968578,0.6700718957321092,0.006598499634623874,0.03981211971337731,0.006190738143275196,1.975455990232455,-0.9901192247977175,0.04063597716518585,0.028415700439896198,1.1006766100198224,-0.6826153941764126,0.11597523088122033,0.04026788822374032
0.43777456801084386,0.8966829067988934,0.00349009597758857,0.0008666638785789141,0.6574769790275569,0.6775506163377966,0.03289386571745429,0.029370310458726727,2.0136341270443783,-0.9765523911355858,0.02235447032706787,0.008875859325688339,1.0394238330744272,-0.9456401960077246,0.20809798140436464,0.44443258576324657
0.43978271019706333,0.8967485180216479,0.0019894725735426604,0.0004683690807037739,0.6114147822020671,1.3218164421118714,0.0606923300643338,0.03900317603037175,2.0156062661914174,-0.9838494229082658,0.016131618799048578,0.004281582153699074,1.2375651435462232,-1.0660592683433026,0.22003540684454348,0.3282351008505174
0.4419642456607045,0.8936594661179319,0.0047988657393107865,0.001302512215615841,-0.014283314905533157,0.7033311719437557,0.013281257708264542,0.03677659590045509,2.0000754567065413,-0.98165375645493,0.02545503006646002,0.013308276927932405,1.3739548344987622,-0.9487330559012964,0.09246596144473183,0.43637151506004185
0.4522870945527409,0.8902136718971724,0.0023965601203967454,0.0005893009587884224,1.2860242142674911,0.6783524297007587,0.08422565712039337,0.038119545791342205,1.9823835189472505,-1.0016740824719563,0.018757165114085744,0.005059409548107516,0.721031614804128,-0.9828427002453904,0.3833400488945777,0.3530143336817265
