α1,α2,var_α1,var_α2,γ1,γ2,var_γ1,var_γ2,θ1,θ2,var_θ1,var_θ2,β1,β2,var_β1,var_β2
0.4275668128772436,0.8750215469791885,0.015770217558241803,0.03601260942481727,0.17323007427325973,0.0044760636939827,0.005005801597059782,0.001659204214197252,1.96584895345092,-1.010187260618792,0.30487798063617727,0.22464495642877144,-0.0692492789379204,0.12295804745326276,0.3454084690102715,0.26447888224186394
0.4437047320448061,0.8707357759005161,0.012017859539387105,0.033153315664606046,0.1708094114436821,0.35672412691867805,0.004758821377589733,0.007079891495734959,1.9880018955036787,-1.0037956426979455,0.16857452765897427,0.05198574189639905,-0.5323986298703196,-0.7195941261491187,5.037004514084767,2.3026134628932837
0.4267899961830697,0.8774452443574386,0.014559379087292322,0.0336216684630294,0.008700722239761703,0.17934357507970833,0.0036831287781014153,0.003127546332559103,1.9575066728589519,-0.9659747819437279,0.18181018134886726,0.1056752557307948,0.3896070406238177,-0.2112029768234918,0.5522284932622105,0.18560147402113358
0.44333185223594684,0.8814778416082502,0.008755159741613826,0.017831456888240612,0.35105984371338395,0.17385872112131626,0.006844132865108764,0.002577704132709835,1.9591324103305445,-0.989559615036589,0.16031763491209677,0.07084230412178141,-2.070623165915026,0.5938673013561209,2.4842119139532914,1.3894013602660011
