α1,α2,var_α1,var_α2,γ1,γ2,var_γ1,var_γ2,θ1,θ2,var_θ1,var_θ2,β1,β2,var_β1,var_β2
0.4580111389867199,0.879941042580614,0.012093217618311223,0.00399724515565798,0.0015205797955591828,0.0006886598568505788,0.006019959944478106,0.002046097474474465,2.021728271024924,-1.1104524381396457,0.2598075803285086,0.2916670159666475,1.5458409954503667,-0.6485693724195218,0.7108135097337844,0.2957895138645785
0.45901118127750384,0.8823293465377757,0.008523595595610115,0.0023891919806040903,0.6734353675034739,-0.0017352226548976743,0.03764225345810558,0.002551053992430612,1.9949976076120235,-1.0581526083880424,0.19888780269932707,0.16102849963591728,2.5881481239583293,-0.7251564860850792,15.249267532953413,0.3974218950707257
0.44719407382958315,0.8923286670250009,0.0030356122379073323,0.0007694487086449043,0.6872836471129573,0.6999425050982384,0.03863289204376902,0.028362390859866866,2.0091811246943516,-0.9913295692850965,0.20256779121242854,0.033455382901394014,2.7825925938257825,0.5453004412849061,19.344809356340132,12.155404126566703
0.4477573506117842,0.8934420032994888,0.001020618673503109,0.0002669992187315256,0.6271995730885375,1.3260545546448566,0.024704663256117733,0.03441140149732077,1.9951510429902422,-0.9907905350231274,0.1473693761787893,0.02509700615037498,4.86700440613206,2.6314150601237376,5.0634353100948895,31.920176836151228
0.4504587694039949,0.889981743157945,0.004037729025767704,0.0010323658354285444,-0.0026781869678965866,0.7170006883008593,0.011553666652212838,0.0356683389872481,2.001060165477931,-1.0145732638719958,0.12227200815716789,0.056053147053944735,2.424626746926364,0.6702788853408017,2.092524664860374,12.82461180381641
0.4451623505705608,0.8941438239338004,0.0018882392944598583,0.00047267358991787264,1.3489358924136539,0.6813480927982561,0.07311988441158775,0.018568460674320917,1.9294498750666553,-0.9493272513227871,0.15908715360486073,0.024145914327664466,3.3816682641869793,0.5540785806338198,28.545820877040608,3.8021014165508706
