α1,α2,var_α1,var_α2,γ1,γ2,var_γ1,var_γ2,θ1,θ2,var_θ1,var_θ2,β1,β2,var_β1,var_β2
0.4478720579237247,0.8779347919657984,0.020822459081942937,0.008107965955570257,-0.023782233116018136,0.01695789088278045,0.027689448520159757,0.015534395467657456,1.9434598653062733,-0.9642170668047627,0.08834296194554306,0.06328266679749571,1.3834492771050817,-0.6628342392185739,0.12964949285339603,0.04226635719831674
0.42926465761683824,0.8943617479031646,0.012576231167268486,0.003432776518282081,0.6923220800669736,-0.006242032940525181,0.05042469385968863,0.014992804504471841,1.9999179710199533,-0.9440854072576712,0.05296822630424025,0.03960400693586222,1.1389395110586902,-0.6749204329587029,0.22767166253197457,0.076273846959439
0.4187947222833371,0.9010146668094309,0.010976354238404866,0.0019363233190825945,0.6642818783216751,0.6702507596139672,0.051853073326330275,0.025026628452029714,2.047810026678701,-0.933435558756063,0.05831159678643459,0.036087970243893625,1.0861851504700661,-0.9039052034332863,0.2719939051086119,0.23971033252604343
0.4537776610362372,0.8874603695536767,0.005087343877209746,0.0014782387653490211,0.5751392928330825,1.272964700316334,0.08547075510514017,0.04173583967971584,1.9696821187513869,-0.99351979571224,0.046573662577277956,0.008250623186591675,1.2499559769405864,-1.0628136342350574,0.5748117998726292,0.4072710387857928
0.43760916303750824,0.8937231100476787,0.007961583913456785,0.001894196886862607,-0.010621922388726694,0.7060601447488511,0.025169506776629855,0.05167218226416391,1.99898704123618,-0.9664060455409937,0.040296268503252484,0.023558753782216977,1.450489533897982,-1.0121829541024696,0.3941941921130479,0.6177117486399876
0.4400562579975896,0.8954979229937413,0.0035552244372080285,0.0009235227456749458,1.297268373074155,0.6516155109619632,0.07894933597420056,0.025623982379171836,2.01040115954571,-0.9802617174812124,0.026212751589864244,0.007748683938913428,0.7981528322336726,-0.8523694662059443,0.37182979390400894,0.15972608670984292
