α1,α2,var_α1,var_α2,γ1,γ2,var_γ1,var_γ2,θ1,θ2,var_θ1,var_θ2,β1,β2,var_β1,var_β2
0.4240038400719927,0.8763351572555536,0.01766446568063887,0.034855570261158195,0.17493635694345308,0.0004553645505277035,0.005863420800423405,0.001816219831448907,2.002291391689624,-0.9559041212400993,0.042554858490494916,0.03249413269053186,0.5799224877315736,-0.2772569299924619,0.005591972446697352,0.0017540001190851388
0.44897497747076787,0.8907215642634939,0.003912317629206771,0.0011495563015649895,0.1880887348354297,0.3676344922591445,0.00570245994886564,0.0059741436146267535,1.984681387670301,-0.992836015499002,0.02531037792552415,0.00929056103863059,0.5675804522741253,-0.21454542231795404,0.008505325685768813,0.0030235231951623986
0.4447676646653305,0.8666690995787567,0.016092808620994263,0.03523020273930235,0.0001150023843974151,0.18345427172190967,0.003317276748089742,0.0034275951069074376,1.9639012923852457,-0.990526230153338,0.040832917684802905,0.02996424166477134,0.5312259136232405,-0.23291416649034205,0.006202994240979793,0.0023367452658501985
0.43513479463597315,0.8958818826032049,0.0065920643839075714,0.0015017676969434277,0.3494754525675992,0.18132679918350164,0.005729532052808701,0.0023634248614655064,2.013515544492114,-0.9685316374319949,0.030480230119148792,0.020965437823834934,0.6056673489804212,-0.24535401610484794,0.005431362345982227,0.0033476649083530215
