α1,α2,var_α1,var_α2,γ1,γ2,var_γ1,var_γ2,θ1,θ2,var_θ1,var_θ2,β1,β2,var_β1,var_β2
1.0,-2.0008451420481217,0.0,0.008466914737397415,0.0023200572940058222,1.0730381019979365,0.315513662146876,0.2079922317882092,1.995445780126164,0.9970321619672822,0.015711229678682142,0.001306847508040805,-0.24412513689771725,-0.3881394725802405,0.6387388857675443,0.4532902416535636
1.0,-1.9842225396170914,0.0,0.006689783797703254,1.9943894370018638,1.0084214975718278,0.3337485304451956,0.19780653203129323,1.9800121351746924,0.9973823315481302,0.016092168528804896,0.0014126468145384573,-0.2560084870946347,-0.4001333560406774,0.7817691101778304,0.5666333007167345
1.0,-2.00606833248419,0.0,0.008362933829883677,1.065619878156363,0.03193875694242939,0.40654118998389394,0.1974412765052638,2.0138440491141893,1.0040770595065478,0.011882935185812557,0.0013426229657899935,0.5412205686798529,-0.5574166748312112,0.9804018993167556,0.2879652518501876
1.0,-2.003242477910459,0.0,0.007473308295840093,1.0606529402482894,2.1040968081289186,0.40610510247036685,0.27977026676745015,2.0046790549850444,0.999795825586652,0.022285242483785352,0.0017551008844811718,-0.6444440247439855,-0.9782430039098899,0.7609746895283857,1.0905456817635961
