α1,α2,var_α1,var_α2,θ1,θ2,var_θ1,var_θ2,β1,β2,var_β1,var_β2,γ1,γ2,var_γ1,var_γ2
0.8520336568114092,0.39192137354279083,0.041263029144679796,0.08143857103076721,0.8430918828245261,-1.825388267402669,0.23782226415871413,0.19796004177026624,0.9747019281919717,-0.5706288194564091,0.1599806934800578,0.5537401302494286,0.006210582795003265,0.9207851251115002,0.020768601217545566,0.026487491252722668
0.8614126392672721,0.3928466318202058,0.017699103441400462,0.08747269585585117,0.8774796721241411,-1.835900096855848,0.2753966444507504,0.14114397723441371,0.9737562115680768,-0.5121973196570869,0.723989713089559,0.19701736743695475,1.0075234134671507,0.5088075024811302,0.04081306669770052,0.012595660378681997
0.8185401787596143,0.4280538590106396,0.05225762568269676,0.09706972379169054,0.9527811132471835,-1.731709134575709,0.3158709612774835,0.27461404072513473,1.016454054279184,-0.5156121864516051,0.24815937017945194,0.614015574879876,0.43401515713827155,0.891894391968723,0.017979003765154045,0.01764505945061818
0.7853573883098712,0.3806041708128568,0.08694027690240032,0.1548708741998734,0.6904007312675884,-1.6923485160613412,0.40423999549279294,0.40096180849968716,0.9629242217837181,-0.43584015563074274,0.6053478869151765,0.4207137967366875,0.5461979091385437,0.5609903313189315,0.09682911615791547,0.038000250839989216
0.7860855451948148,0.4026934149804929,0.07024197568990359,0.15375979535836345,0.6765349002826353,-1.7191159811166918,0.46301616872304957,0.44481340516329765,1.207826757100118,-0.507005914026798,1.2938522428915495,0.06756392418035363,1.1042711780315475,0.005599688383528161,0.09702607124683894,0.010244343098934192
0.7099005754729039,0.41708788618726544,0.1130206936035561,0.21300812173710335,0.2543495613528258,-1.6411101574050448,1.0379132659488801,0.9142284498050364,1.1682918398407063,-0.46612054864413444,0.6720613488787189,0.19898692240658428,0.018549031494773372,0.011548821050385794,0.1010248616432441,0.02805963059730483
