α1,α2,var_α1,var_α2,θ1,θ2,var_θ1,var_θ2,β1,β2,var_β1,var_β2,γ1,γ2,var_γ1,var_γ2
0.6520715188478003,0.41234645999950587,0.1639640637032791,0.24706917883339272,0.8055155468626546,-1.2758136840462913,0.6108249856725776,0.5325125018801122,0.9747775545054993,-0.5491109792398126,0.27861626975117665,0.13803442073084027,0.03500811680771255,0.010832492291391356,0.08884013511976697,0.0398232497319291
0.7777370207041687,0.4188664571089538,0.06424037458463004,0.1500805040906793,0.9582504883857728,-1.5768319444196752,0.38951961508401245,0.40889383234563265,1.0858010132155254,-0.4989055263496713,0.8460340429952357,0.20883731588212784,0.9437894019022158,0.46648068813287225,0.07526522363714275,0.01957969018437618
0.7456033569589295,0.4878048143866144,0.08408174902218012,0.12593865069216534,1.0633540181921852,-1.5646318552778706,0.4288805981438967,0.3322738527278229,0.9985836952327882,-0.2858116659133665,0.08341570194876939,0.6245849934204104,0.013709462468205667,0.8983290849752257,0.02612617745884105,0.03185627935214614
0.7734951940959414,0.3220437261100042,0.08764002494212957,0.21471865076906774,0.7826512307360665,-1.4792609504152532,0.47151588303489694,0.4965803297363118,0.987245457475124,-0.5588288252961,0.37254355964500396,0.3523989396195638,0.4589662880334517,0.5177312401341525,0.07980451113569705,0.02648983475363694
0.6892308671983208,0.4283970643769834,0.1438292642993733,0.20322392765007827,0.8786427240432394,-1.3774837580176011,0.47845491323703926,0.5672293190662797,1.1430073071192437,-0.5225478024030358,1.3595898016281496,0.2087135923851894,0.9643438806149177,0.01762725743818284,0.11147892652408636,0.04733138824222469
0.7211944462261326,0.426156174569779,0.10314727810355455,0.20056454830457682,0.9896618486769694,-1.4312787093550545,0.49093356306291447,0.4898872738734498,1.0267421263982295,-0.32662125273432535,0.5112702057213554,0.746204461892313,0.42057080985988166,0.8503397619722651,0.09990653366018527,0.070161872455575
