α1,α2,var_α1,var_α2,γ1,γ2,var_γ1,var_γ2,θ1,θ2,var_θ1,var_θ2,β1,β2,var_β1,var_β2
0.4471934539413289,-0.894370783625402,9.608929884406541e-5,2.40280236899032e-5,0.5189447093282805,0.26135972206804076,0.0007652627122361035,0.0004916190450442782,1.9993049939614225,0.9999390364666789,0.0026615119725673,0.0016525357281945087,0.06953641773665342,-1.4270848980514466,0.04517148839870874,0.05411082858449822
0.44721779629603586,-0.8943504842624034,0.00010762054325726028,2.7181452421357088e-5,-0.0001222355186105788,0.26450263258448004,0.0008563890327859826,0.0006379587107072784,1.9949781451760829,0.9981616787358852,0.0035391877391537847,0.002562287879931508,1.1142957407182215,-1.3372837894260754,0.04269571643639528,0.07774916490290837
0.44665712172924676,-0.8946275796463824,0.00011233100347984181,2.7981465813624285e-5,0.26101808493827794,0.25924511245361725,0.0011927594751691263,0.0005144301627032724,2.0045862388946496,1.0012355398687018,0.0027935808415329943,0.002050917450844564,0.6083929911818988,-1.3741513099324931,0.03966207090022993,0.08801185039446867
0.44667955752726146,-0.894616144490334,0.0001127363296973419,2.7997917271940973e-5,0.2619917269814085,0.5238704301444287,0.0013191723757330985,0.0005449641925391938,2.0000129199988006,0.9989315229042637,0.0026617424219329763,0.0018597630811532859,1.3436884838352787,-2.3106439356868584,0.07109499659226899,0.281190788902041
0.44847684654448033,-0.8937128369354629,0.00011763279340396192,2.9723984661986116e-5,0.25890581136149804,-0.00188468085337673,0.0008736925697648271,0.000582506521765546,2.004481736650847,1.0064635827626511,0.0033025234789638104,0.0025923618543256467,-0.03377582919357645,-0.5101482262758473,0.06515330332056202,0.01129483363099029
