α1,α2,var_α1,var_α2,γ1,γ2,var_γ1,var_γ2,θ1,θ2,var_θ1,var_θ2,β1,β2,var_β1,var_β2
0.4489669129326266,-0.8928828750437036,0.0009591388972419502,0.00024175256279565055,-0.020848285082346117,0.27492405752355487,0.00970405343670042,0.005369987056578633,2.0057323787684194,1.013842371270974,0.018619843177794238,0.020272517137577307,1.082819381382292,-1.3250025241375505,0.2601675610322059,0.15172268393268887
0.4487053359305595,-0.8931571918882615,0.0007526748493488707,0.00019050907561947073,0.2941299457488055,0.5526788201411232,0.015214752643119167,0.007978260701414622,1.9973546652135448,1.00543322157589,0.021117885064518543,0.013322098946640859,1.5483265214364261,-2.52303074250873,0.4371029221975766,0.5919130847804356
0.44947563480359853,-0.8927580094600035,0.0007673291208099562,0.00019710548819457688,0.279498946815323,0.26494830721631774,0.014676727828633275,0.0057383655372222845,2.0045110423351957,1.011371813650993,0.014041166956460571,0.011725798946203115,0.7013652764786988,-1.321064762247367,0.34232310128345506,0.1747720724913807
0.44899340743783156,-0.8928824933043868,0.0009420928812691791,0.00023545583378829264,0.5587816324625493,0.2772009314771127,0.013404132313806034,0.0073576704965027245,2.0018257466378313,1.0095449808081811,0.01882432879988658,0.015552592792357068,0.1513024727905113,-1.4132003569200993,0.28567230312871905,0.24216714648800072
0.446279487732316,-0.8942432042457799,0.0009449559505415263,0.00023050919049100082,0.28441172082126137,-0.002493765065049331,0.010635645344946083,0.005113079106405756,2.003705797244926,1.004769981528878,0.02473952574036986,0.019690869037696887,-0.08238390408602517,-0.5081149262841037,0.2956088208856439,0.09076527477510772
