α1,α2,var_α1,var_α2,γ1,γ2,var_γ1,var_γ2,θ1,θ2,var_θ1,var_θ2,β1,β2,var_β1,var_β2
0.4396339708866628,-0.896817694682678,0.0019993097224266644,0.00046533082956522453,-0.02702300147779449,0.25837212004823795,0.0394475503611946,0.014958827761853,2.008279109170558,0.9827588072045463,0.006260619499498665,0.0075670827141357975,0.42361999577111065,-0.37307559602913676,0.009470027370570249,0.00452099908582404
0.4487701534505564,-0.8925360901668422,0.0015912700202329309,0.0004134543450705593,0.23768004286258212,0.5414523926206498,0.053663175065290725,0.026335648104186076,1.9965645514795245,1.0020631061602727,0.0063649962579194206,0.005323833936065939,0.4253529171630053,-0.27683947154599864,0.014121468537400038,0.007682372172212516
0.44465480492542686,-0.8942382695226294,0.0021061826580909574,0.0005403039862561394,0.5770725024907953,0.29619130744402883,0.04172548544097142,0.021998824851843426,2.0000652342337224,0.9918617521003154,0.009057299504073052,0.006700380289701528,0.5604873581367928,-0.3831386725571656,0.02152814952701865,0.004698332117093974
0.4578226135004094,-0.8760432474940325,0.003165313933225683,0.02001315383219271,0.2352568681054559,0.25086815123019357,0.055428137252867576,0.031498984287289845,1.969372289573331,0.9902541161183399,0.026463314752466428,0.042627498477972765,0.5067754924177315,-0.36525157204571523,0.02738424220831354,0.010068019905005991
0.4411181156241815,-0.8961534764496828,0.0019069091219333957,0.00044031786323746504,0.25061173363005534,0.00017257623988902292,0.04787019453603685,0.02577009491295465,2.007925170181487,0.9866628122059473,0.006077105518467644,0.007186683175662871,0.6137824873407995,-0.4927066682928366,0.014692582804253769,0.003368888859223086
