α1,α2,var_α1,var_α2,θ1,θ2,var_θ1,var_θ2,β1,β2,var_β1,var_β2,γ1,γ2,var_γ1,var_γ2
0.7830007164527835,0.36445169355123574,0.07552582900111325,0.18178251465483872,0.8556418753030094,-1.5338377168877386,0.5148874583193642,0.3816896376413359,1.0206561131574166,-0.42517144201690404,0.1467299359629332,0.9023449550647987,0.016134377978996004,0.9220397453614467,0.049218975517636744,0.05021911679497249
0.6933295876893323,0.3761401884419054,0.13479501085086787,0.23946036296398826,0.7535087408394737,-1.315748801729737,0.5720070581757608,0.5537056428885524,0.9661091988355923,-0.5812006345729804,0.30043915816166245,0.09954593867536041,0.04548673000267255,0.02096916437384315,0.10985709937018946,0.04191150784525072
0.7197579168567176,0.4101055634947599,0.10693076853645256,0.21062839169850064,0.9368216629719958,-1.4145369538679629,0.5123267543826224,0.5008510911197774,1.0128737027862542,-0.4720838599567778,1.3045862439216032,0.2942772383946456,0.9762906271151383,0.46438535385194757,0.12695961248418214,0.03520186277974268
0.7646050027678315,0.4122542759295612,0.09020308689369415,0.15954380433696816,0.8963758369561216,-1.5549897733983085,0.4645293066541647,0.376451133575385,0.9162075587242987,-0.528189053370743,1.0708328049744942,0.07400249679407685,1.0726995790559062,0.007822742642801625,0.09423807060600986,0.02534278886560493
0.8140107480860916,0.27233673595102226,0.04876415835479975,0.2197219602186299,0.8037925034091229,-1.5428981632322225,0.43406193611778615,0.4600125061037961,0.9616862686223159,-0.5603943295423663,0.33245368546723925,0.5890836198915917,0.4139347127039798,0.8795587673494493,0.07381153123181353,0.05951849589237702
0.6684900272578115,0.468419817456044,0.1415529065382028,0.19748688642226295,0.9477458225055065,-1.3236745891010904,0.53963001873568,0.5411952162008311,1.0474988209381204,-0.36791188518146645,0.6492597284014797,0.4791439583700096,0.5385517477343685,0.5198063324384176,0.08966995464423072,0.039418620292450045
