α1,α2,var_α1,var_α2,θ1,θ2,var_θ1,var_θ2,β1,β2,var_β1,var_β2,γ1,γ2,var_γ1,var_γ2
0.8334121496295345,0.3830195869340288,0.05334122544906192,0.10783302483433989,0.8229533406222151,-1.776048968968576,0.29295198873861555,0.2608646356910397,0.9683877112095262,-0.5745875465229492,0.08418703600723189,0.5350479836067416,0.011539875872506265,0.8101349941546294,0.011400857381691805,0.016568076686300674
0.8642463654091384,0.38325299815538416,0.022807665541999228,0.08488730065165984,0.8986635661160298,-1.8141129172059087,0.21003902012284156,0.20879582401491198,0.9942097981316338,-0.4619473855009952,0.19066633744026842,0.3113780169805409,0.39989971063667357,0.7791056880648245,0.008694342845959721,0.009620965754533323
0.8295867442709747,0.392359046178251,0.05001048685655096,0.11032623538150702,0.7348980177526715,-1.8419879833212667,0.4223869245778165,0.25610227096154115,0.930679477167341,-0.526392746204388,0.74164664804797,0.05286168073452797,0.9464951068279075,0.009683679508286499,0.03807584491661205,0.007951523245424778
0.8407513000355681,0.4464451848028108,0.03706936959406927,0.058432041717712144,0.9341722270986385,-1.8238598947126328,0.1866614601545396,0.19610771098300928,1.022871428482128,-0.4731897334902467,0.48145595292847215,0.12315056931628722,0.868769434948916,0.4358063368467316,0.009541713311320511,0.0025632088739854864
0.8333251245987782,0.41107423062595183,0.043765457459319965,0.08700356589895954,0.8153944921143541,-1.806356628543046,0.252272246699295,0.2763338838881207,1.033381540691784,-0.5086548799025157,0.2765874497631105,0.18293523609915818,0.4912529025065503,0.4823625643284103,0.009209063945896451,0.004746980274538521
0.8192550067009813,0.3842858787902406,0.05063554757848232,0.13296853042155993,0.5700069116824056,-1.876035661864084,0.6137617347988679,0.602982835364781,0.903247043464781,-0.49618787406355425,0.14113605929664413,0.03659778606098133,0.005265119220594436,0.0029949581381489066,0.020410946724548268,0.004106887551419785
