α1,α2,var_α1,var_α2,θ1,θ2,var_θ1,var_θ2,β1,β2,var_β1,var_β2,γ1,γ2,var_γ1,var_γ2
0.7339604899492329,0.3396053143575465,0.09608729336358858,0.2569007605159104,0.8498242772436706,-1.366268416924967,0.5775734068385063,0.5111038187770066,1.0718611652994523,-0.5003104322554305,1.7043407838856492,0.45133148019550784,1.0798440537850682,0.5127272082015183,0.15618328707936058,0.08012108405476322
0.7423838875462938,0.2797257741342322,0.09307553745642683,0.2794745715311976,0.7691390115595267,-1.3486608624775662,0.5360030506731838,0.5679227616644578,0.8402501298948869,-0.5927910937378733,1.0133639660596683,0.6633480599760136,0.5360584364535927,0.5587039833086175,0.25240159826697467,0.0756110577433675
0.6961087252469703,0.3981553254319825,0.12081690914552336,0.24119043289308506,0.8377703531656506,-1.3485096269565886,0.5206249031152606,0.5554888653159333,0.9736683086272018,-0.5799135120476575,0.7527694293417738,0.3023253731744243,0.05075760663409633,0.03307276231833392,0.28423412713046786,0.10035504766290039
0.7449608621029339,0.35236954699956696,0.12660687621706082,0.2003841728438834,0.7922900322494971,-1.4354510297946361,0.5087064866869376,0.5165841572859141,1.0767396383464287,-0.5001167269718062,1.336150413575542,0.8215561428008502,0.5239555513323895,0.8839674925288403,0.2322398314715614,0.1158556837749137
0.7109150605821276,0.30061727973479024,0.10210002114391781,0.3037117779034362,0.7560079972084901,-1.2542042705446155,0.6444672150096018,0.5422469166758801,0.9475117826484142,-0.4723765505419884,2.3416851901754323,0.2823454814181666,1.0782082753070186,0.015349342981449708,0.2729869088466081,0.08001217702004011
0.7219243167948605,0.4702456702861288,0.1007388482287045,0.15773933226814613,1.022261241383839,-1.4764711140848672,0.48511823418834826,0.41879264882400685,0.9505014081245332,-0.33834365256374105,0.29187915628739175,1.030719313739621,0.041245630868088544,0.9947086015001015,0.10315840016123015,0.09433762824816483
