α1,α2,var_α1,var_α2,γ1,γ2,var_γ1,var_γ2,θ1,θ2,var_θ1,var_θ2,β1,β2,var_β1,var_β2
0.4424047778933502,-0.8958436955508815,0.0014220588994029945,0.0003376235641073986,0.2658072073500287,0.015102717116761961,0.03930671327217811,0.019622751677977814,2.007820606430632,0.9893539153788907,0.007301313798120443,0.004186739827818171,0.6120863152926879,-0.5006138554404486,0.024770488741481463,0.005361412562162075
0.445942691530538,-0.8939425001546734,0.0016077714918819122,0.00041437223307899933,0.26860504279989766,0.5573036022287645,0.03767936161501184,0.03192572712808601,1.9977423404182162,0.9935713884166918,0.01009317904307113,0.0039430058089748345,0.38031979926059284,-0.16058192186665843,0.024316919213239755,0.01410159889147108
0.44479284978145733,-0.8946102042190418,0.0014898712982204057,0.00036053606587475715,-0.0033705698352361744,0.28243615692680873,0.03628514336955798,0.015803199152575872,2.0021553259187574,0.9929892035294202,0.008220733392067518,0.004145299857087971,0.3783626816483174,-0.31697695493619005,0.021731332532974088,0.00666492591561063
0.4546844681782516,-0.8895689261999148,0.0015316332881591477,0.00041701311284183574,0.559150761749567,0.30229527219063285,0.05057095217741094,0.02007783609586562,1.9789592365780089,1.0085963957025088,0.009915941605343283,0.003649837049563935,0.5801769351444418,-0.33411134435445805,0.032585359551718464,0.006352338538043739
