α1,α2,var_α1,var_α2,γ1,γ2,var_γ1,var_γ2,θ1,θ2,var_θ1,var_θ2,β1,β2,var_β1,var_β2
0.44904795127804653,-0.8933077903718393,0.0002888458090368602,7.189066972222763e-5,0.263738470119252,0.010348376217544671,0.0030409853732880376,0.0012558906896336047,1.9838815484263614,0.9969775690103664,0.008325393596725829,0.0028447345921396583,0.4511833946941413,-0.5037105095590175,0.08438060202917008,0.03676164316120628
0.4468850524682124,-0.8944291234459253,0.00023518913387283202,5.803613101283003e-5,-0.009848746964268214,0.2712889465595491,0.003279939737304703,0.0019390665610023853,1.9979627545899308,0.9978379662580623,0.006648629235944829,0.0019366620014699654,0.612459297001332,-0.5919026543841295,0.11834149273467319,0.12367300731163895
0.4456712027033185,-0.8950175977904213,0.0002594042908683009,6.451361462792802e-5,0.527381324114466,0.2722577237691992,0.0032366105427169122,0.0014653795755580677,2.0063857848934057,0.9986114404970076,0.007405055870238543,0.0021431330701125423,0.5114823760813618,-0.6193356073453165,0.08788428709929386,0.09857961958369472
0.4466237316984568,-0.894560864921755,0.00023196941862537671,5.9041929037829305e-5,0.2687240368115549,0.5383702745956961,0.004253763754906689,0.0017607663805136954,1.9842004356330427,0.9900604675294281,0.009530425673070898,0.0022815147627625906,0.8418668792919273,-0.9475983091178058,0.1005560348100833,0.3520403739142993
