α1,α2,var_α1,var_α2,γ1,γ2,var_γ1,var_γ2,θ1,θ2,var_θ1,var_θ2,β1,β2,var_β1,var_β2
0.8845383478876208,-0.43926380889880506,0.004734372500550653,0.020153725790310235,0.38296341824300656,-0.04572025811391349,0.3490905211361183,0.12942525553899134,0.9793148731901395,1.9501063599278998,0.10899997676473651,0.014093369100151716,0.6212236107330388,-0.49926688660542695,0.030377431554235803,0.004196349896650519
0.8649726956980457,-0.4419036376376836,0.03695699206734414,0.020157564235119177,1.0377109015702002,0.4637050170699101,0.33280530053668994,0.15984696085043998,1.001581513954817,1.9565467039421935,0.07883363990999767,0.010748471380964807,0.6030433894967028,-0.3951992414858273,0.0783018782224667,0.012519078543546353
0.8738841649111347,-0.4039909686135289,0.03325598228621221,0.04060034457870826,0.11957457025188202,0.5014660497732879,0.33889437147747314,0.15307871835494888,0.9062613086948853,1.922200470318329,0.14012001023176854,0.0798897820076933,0.4120444440828781,-0.38581109462620694,0.04294843971071097,0.009233733409347345
0.8702083337519413,-0.423446172752558,0.02611932400314076,0.037952185744213676,0.49736747617760324,0.9737754359170588,0.3283452026961439,0.17779905835396395,0.9574494809411976,1.9162117278293014,0.0990873694053807,0.10185747090587481,0.4630082979419153,-0.28088355959358835,0.07144085130371611,0.015053988501436409
