α1,α2,var_α1,var_α2,γ1,γ2,var_γ1,var_γ2,θ1,θ2,var_θ1,var_θ2,β1,β2,var_β1,var_β2
0.893726189769145,-0.44745736805143005,0.00020624980509612715,0.000839610293099104,0.546601593486574,-0.01462277082035771,0.01577465669070256,0.007947218497191126,1.0003023869651135,2.0022243054231232,0.0018214993637406304,0.008660646902701949,-0.0016771344434153804,-0.5303742458919253,0.0507095976915563,0.012018604813848038
0.8940635978110519,-0.44680901441388804,0.0002082798759211257,0.0008139299297833286,-0.009503889585651576,0.5682024685303658,0.019824309736221322,0.009727737812596131,0.9949693906629402,1.9950609527955134,0.001631145519054232,0.00798523544136906,1.1245020048546204,-1.3095736204970065,0.07123238852109642,0.02961799196947924
0.8929318057777157,-0.4493920960438808,0.00014746019745243835,0.0005793420690479073,1.0845928229300474,0.5581134076417755,0.024533720394373706,0.014390340723075103,0.9995914339313763,1.9878828031485156,0.0018807076348076133,0.0037770567830571517,0.0853713701783386,-1.4527468616655128,0.08864970489391029,0.03355297339640638
0.8938598161990869,-0.44738617349795495,0.00017498943312388923,0.0006939406147470261,0.5149132295269058,1.107143545824047,0.021237440955081646,0.015397510654039041,0.9980448018959737,1.995952625845124,0.002401091472859639,0.004225447132907464,1.4262100906731714,-2.3967535971937144,0.19308381775561723,0.13638962025690463
