α1,α2,var_α1,var_α2,θ1,θ2,var_θ1,var_θ2,β1,β2,var_β1,var_β2,γ1,γ2,var_γ1,var_γ2
0.8276750137448161,0.3049661268928419,0.04067027655306668,0.18120116660528438,0.5923485935947304,-1.8203155792776853,0.5292545689009053,0.3842201140842683,1.0977015961046621,-0.5215265266149047,1.822579916133097,0.11970740480993518,1.1459997212528956,0.024640129834925553,0.20337039439528554,0.01937169889078152
0.8367571164036204,0.4187317314789425,0.03991561115460251,0.08604071119918234,0.8935590131183497,-1.8024685470081931,0.28323241147847766,0.20839255261724754,0.8655523649924092,-0.5480135328268438,0.8500013036532423,0.323144080224289,1.0264570138797833,0.517239791734239,0.08669388551773383,0.02714671463392204
0.849082975926406,0.39832507194480443,0.029879007472535246,0.0925972434671441,0.8184674567753557,-1.8357086850696478,0.2599088105082597,0.23916680003927843,1.0219119898631162,-0.47117536762979334,0.45941007969975767,0.44055061974638837,0.6032056569882762,0.6260436617372613,0.03467540503471747,0.022184927005530604
0.8193738283179735,0.4190947686199843,0.04443114227676118,0.11107848751936884,0.9702277305598338,-1.7082742814795981,0.273554922065182,0.30627926263583555,0.972801702862473,-0.46862023807067676,0.1812942710740273,0.5725350624862419,0.4473264967705592,0.9019738136973339,0.017905207284061614,0.037574260834558774
0.8372448466264402,0.42107173245465523,0.041082485308136185,0.08287154821350308,0.8932030280185909,-1.7989130833333837,0.2532269924395318,0.21414807817945994,0.9814507824301082,-0.5039114581395644,0.15409062608960003,0.5299021200620977,0.025809795229043003,0.9599217170742019,0.018959619877855126,0.03462916502951616
0.7852464616197082,0.41205706995946045,0.07216608620367239,0.14384817708966252,0.49018439804434705,-1.7880762646459387,0.6664686579730426,0.757288890721326,0.895854726902303,-0.49729732141603,0.3221712970648186,0.19473953071980693,0.02189824029013481,0.01332035557003982,0.06379493401180836,0.023588982565422384
