α1,α2,var_α1,var_α2,θ1,θ2,var_θ1,var_θ2,β1,β2,var_β1,var_β2,γ1,γ2,var_γ1,var_γ2
0.8269283928661187,0.4453977404780325,0.05080838092857622,0.06865164691507018,0.9671384796248804,-1.7703302192841108,0.2510502825875446,0.24279269967393713,1.0047548624235163,-0.389376599475076,0.1499543828866669,0.4249336806844888,0.3968655791835747,0.8079219583967568,0.013285539467845173,0.0077064424141889565
0.8573156172511146,0.3661226704195256,0.025055291960021826,0.10599614565888245,0.8078801043100132,-1.807403577802313,0.31775175147203594,0.19540290267171906,0.9926185003036122,-0.5884190201353412,0.0562155508460015,0.5455124412384497,0.015303782265611056,0.8471229409095613,0.007070190927921973,0.014296975016654641
0.8244714201232465,0.3932208641546941,0.06331297522321289,0.10229514967861571,0.8126124470797713,-1.7653541819577772,0.24715953702173338,0.33336694950450185,0.9129417783880579,-0.5540688950060888,0.5705080158529359,0.18349113882940982,0.8642455933413598,0.45142400908309255,0.030855048881332676,0.007004535807572924
0.8266484025521385,0.396186952691302,0.044873909711637,0.11592350918527149,0.7239855454816301,-1.812041747959568,0.40069433883514366,0.3168792359285476,1.0831963488400265,-0.49716351899690364,0.8696090626324273,0.043883889759034546,1.0092796493135698,0.004408942173784703,0.04146720204122355,0.0052507807931415785
0.7890723902240379,0.4157582765977513,0.08746020984265808,0.12108226316613621,0.7674578374523997,-1.7240991322237962,0.3159399019366715,0.3787751287350766,1.0234540650808523,-0.4313991385923095,0.2897869565695774,0.3041702417925306,0.48748256725359423,0.5045111732253804,0.022741796205097958,0.013099290117249902
0.7405170279783749,0.4364347045123281,0.11130357945453273,0.14133236386742928,0.410121966014897,-1.7460768864742442,0.8384467771925178,0.7648586601264766,1.1065726306905026,-0.43556018554550596,0.2650877650191438,0.1133896602382634,0.029028125327985245,0.031387595024817944,0.03918651813352227,0.018044264657416275
