α1,α2,var_α1,var_α2,γ1,γ2,var_γ1,var_γ2,θ1,θ2,var_θ1,var_θ2,β1,β2,var_β1,var_β2
0.44720020575173214,-0.8938349326620819,0.0008646563302085895,0.0002172518804780285,0.2800938270783865,0.00341317712300995,0.009736326044908223,0.007062823933578451,2.006222253432616,1.0028388487764053,0.016924683283091768,0.006475358169246927,0.5870725521524045,-0.5090602180575899,0.19950752096967345,0.07320457878809249
0.44482415341563436,-0.8950036310939269,0.0008955312897448383,0.00021555241404301964,0.2771776938064778,0.5747760138578679,0.01983193844919443,0.00794713781102614,2.0159267384104167,0.9993129595106267,0.023712638898622542,0.0047316302947481206,0.9095037994315398,-1.001605952421911,0.2925374826889202,0.5249656937695567
0.44045926751502334,-0.8972807395136085,0.0007207451781202994,0.00017108124414338808,0.5403413995574057,0.2776085695288947,0.013830859614019099,0.006930441938589123,2.012913413558748,0.9855862408947738,0.02486233539561494,0.004438210965199385,0.48537922771184955,-0.6545271634859113,0.20573902697661886,0.17902571906889175
0.44487098167363376,-0.8951610622892402,0.0006287249679692052,0.0001556005127745976,0.015634214067951343,0.2819868361336739,0.011064421184603549,0.0066570990457703845,2.0048883049649087,0.9955019132517008,0.021276036481592715,0.006244386346449327,0.5107944109172624,-0.5644398943290994,0.2616069656221701,0.234966075349798
