α1,α2,var_α1,var_α2,γ1,γ2,var_γ1,var_γ2,θ1,θ2,var_θ1,var_θ2,β1,β2,var_β1,var_β2
1.0,-2.0899009091513556,0.0,0.764637889104378,0.5052064223042865,0.36611926473536954,4.760827246455014,1.054662653868592,1.9775628456280403,0.9409956860859866,0.07297292758991902,0.07004050672333217,0.17730058097123474,-0.32140602879326996,0.659050369530085,0.0786407510509713
1.0,-2.0011932295630435,0.0,0.47369122756692156,0.38821083856908906,-0.0769908821856023,1.1711778750198132,0.4562231345204662,1.9666486629595317,0.9539852437848506,0.04018404079903912,0.09048259746015803,0.37465309098325333,-0.36552243828210673,0.3530944941116351,0.13807045402478774
1.0,-1.9728672174471822,0.0,1.56593814544192,0.026168377725911872,1.1881677730040134,22.01141715417278,12.313829417621534,1.9840484078446017,0.9485438439888806,0.056489913848832646,0.05861178933841183,0.17354550076117867,-0.2426556944797194,0.2484828275831604,0.060229894338001654
1.0,-2.132943617093607,0.0,1.568620565712055,0.5976429485065865,-0.17736795221133103,39.968212447933226,25.74351628313159,1.9629136729748924,0.9238527848193686,0.09714048297565998,0.11040809171025358,0.20309510934510777,-0.26073558512378964,0.21737193484984213,0.09597758279988404
