α1,α2,var_α1,var_α2,γ1,γ2,var_γ1,var_γ2,θ1,θ2,var_θ1,var_θ2,β1,β2,var_β1,var_β2
1.0,-2.020822379058791,0.0,0.03486557841858961,0.6765798857383966,0.05925763323605679,0.8286334391564663,0.25654576650579997,1.9772998354576419,0.9913882764479558,0.023439946600781133,0.023203746973794164,-0.03043262392963627,-0.559939691448859,2.229120174417893,0.781789920087804
1.0,-2.0327485647068015,0.0,0.032891235057959385,1.3478388278088989,0.5701187517224503,1.0443457405222538,0.4169623330331816,2.0183016052952953,1.001033122959255,0.016711085553503466,0.012573451887442466,0.07202387988840657,-1.518275054233782,1.8889915497252592,1.0648856273144909
1.0,-2.0157921748604086,0.0,0.02916739027583709,0.07215651841507835,0.7740634367128902,0.8503141427080703,0.3787676146647137,1.9859138464353068,0.9947502180810267,0.02994195126372177,0.019745046418881022,1.4597592722532682,-1.3735589040455816,2.9597821227460805,0.9398360765608705
1.0,-2.023085262555568,0.0,0.026592688396963684,0.6012420679449149,1.2591349763257293,0.47437662007324216,0.7396225889144272,1.996631348962961,0.9936023903995468,0.0274926244838676,0.013905814675237813,1.447638680299655,-2.0873449372000747,2.7562936647355825,3.716589350261422
