α1,α2,var_α1,var_α2,γ1,γ2,var_γ1,var_γ2,θ1,θ2,var_θ1,var_θ2,β1,β2,var_β1,var_β2
0.44304746150150964,-0.882098147353291,0.011944013536850474,0.013796494295270417,0.35891851943261516,0.009559161490761399,0.026921202135732087,0.01268780475844068,1.9795745844135941,0.991742828032255,0.03715193231078997,0.01079650915410128,0.6664366419882438,-0.5059718003334506,0.007812677484508168,0.003477499796298352
0.4431467155838461,-0.8758603974620943,0.0014130455513213368,0.035259871659524475,0.3316840392826472,0.7052152496598036,0.04912539314898975,0.047781617721313965,2.00992003578289,0.9835236041630204,0.0070662412826224315,0.02249387820890298,0.6996950350441411,-0.3118966946377034,0.010916117368865462,0.010133521214547912
0.44101390270984764,-0.8735538568332154,0.010925279008696527,0.03169823539174906,-0.016415044846580993,0.34278621643756624,0.02352654687866047,0.024384502202836476,1.9870714284710405,0.9769061151526492,0.02056253871216075,0.04792897831376389,0.5338711947520882,-0.3863939769537306,0.009410505421763863,0.007137942412264791
0.4453632313134836,-0.8849255194427638,0.0008851714555107244,0.01776650415551166,0.6829055873656994,0.33954308598831257,0.03169797548265798,0.01916616139173384,2.0031454551737755,0.9913759867780663,0.00391397503465816,0.012090211354319995,0.8025979414235576,-0.4207021042149403,0.013455143896028473,0.004293365084476779
