α1,α2,var_α1,var_α2,γ1,γ2,var_γ1,var_γ2,θ1,θ2,var_θ1,var_θ2,β1,β2,var_β1,var_β2
0.4463730536751055,-0.8947540918504947,0.00013370203579530983,3.334527029337174e-5,0.3552848589657428,-0.003310782991870681,0.021726342072836732,0.008460493702541663,2.0014728472374332,0.9983505980549178,0.0005434346271706698,0.0004809641408023927,0.6615996356220623,-0.5084825629543641,0.00477526628993008,0.001302492928017389
0.44727086182467013,-0.894314919623796,0.00012030531946559885,3.004714375020437e-5,0.3502716038238763,0.7434159605337277,0.027304868786400725,0.013972805487158652,1.9997541893821895,0.999939933759954,0.0006844070744072877,0.00035156269659077435,0.6875249140849921,-0.33443747143399116,0.009820783940025118,0.005546298806307381
0.4461069303754987,-0.8948761821577709,0.0001492282530152569,3.692780495711279e-5,-0.005078986229131611,0.35230851421186715,0.018304465726369443,0.009292903356234138,2.0011656234075126,0.9974278793251709,0.0006646155530288473,0.0005076533096054237,0.5340923219830428,-0.38361364390807173,0.003769835625602327,0.0025533085785308623
0.43913846414949126,-0.8882279170141331,0.008912747320622713,0.009387329806171314,0.7132104311806863,0.350330403843692,0.027267138937627305,0.011128731985727358,1.9956149616779804,0.9972310650740611,0.011666091273102516,0.0003508414531063348,0.791690085675656,-0.4153554175822782,0.010708114596948263,0.0029754219616278327
