α1,α2,var_α1,var_α2,θ1,θ2,var_θ1,var_θ2,β1,β2,var_β1,var_β2,γ1,γ2,var_γ1,var_γ2
0.67374421863511,0.4048458381854472,0.14476169715172432,0.2388765597540018,0.884916753985562,-1.294655438489177,0.5428922621651435,0.5949743574567379,0.757538926496055,-0.37662226253556047,1.0216915602739105,1.0132153141390774,0.06694009920910515,0.8235067432757891,0.319411552718884,0.1513490173015649
0.6849248995451056,0.3201800805854753,0.11891385574879695,0.3151363333733012,0.7624578687646023,-1.245340035521729,0.6138588979927343,0.5557238207655147,1.0381023110246734,-0.46660449616031746,1.1576794982810261,0.2553028163187063,0.009475107431911683,0.04644600987993901,0.4910872235415492,0.11430412985018826
0.7570829010464522,0.2217483986263665,0.09248797208761797,0.2775154546890479,0.6928261537244907,-1.3205484609228466,0.5601492021934481,0.5711963657105416,0.7932102106155885,-0.5410556292970797,1.6881636141362655,0.5950312439991696,0.9442067186799156,0.4491290706511478,0.3707123035844735,0.13831283087737925
0.6947329529857577,0.31414680794017724,0.1289539075339262,0.28887861889662203,0.7883374511925859,-1.2154687808904496,0.6368704890287199,0.6000376168443432,0.9770746446733996,-0.31637653850491704,0.8470482093163524,1.272848527750663,0.3534181432902457,0.7922870770983653,0.227842013569649,0.16325238203975034
0.6408431475468235,0.33000897523683537,0.15135879646480827,0.3383269006365879,0.7875561724669105,-1.1121182905025149,0.616824744259647,0.6478493970612783,1.0127469649597973,-0.46211191711853944,1.924719916621749,0.8484357286936384,0.45823804348236813,0.44045357310706534,0.5246626341181099,0.18200552151850477
0.7163153329101111,0.17544337419078676,0.08732834676453413,0.3684784412462067,0.6738828691947076,-1.1684673682736795,0.620822320770724,0.6176081454927734,0.9711165575532112,-0.5936405482264696,2.04328864613992,0.4761579935420235,0.9251078610569469,0.10276949017733987,0.4457869699510411,0.13627860169625822
