α1,α2,var_α1,var_α2,γ1,γ2,var_γ1,var_γ2,θ1,θ2,var_θ1,var_θ2,β1,β2,var_β1,var_β2
0.44692019263216565,-0.8944373658195458,0.00019690631019713003,4.969979426730472e-5,0.26326004177494805,0.5264194637602673,0.00537044763179187,0.0028600464514538133,1.9995586615554226,0.9988727873309255,0.0008815796381259509,0.0006582745815477758,0.4055906882856841,-0.2286537566960342,0.003247669556456653,0.0017847406277149464
0.4470908804101357,-0.8943215874042797,0.00024095174694229948,6.07078053598296e-5,-0.004165771227611671,0.2649747016879478,0.004707665869618666,0.002123144467279431,2.0006340243800804,0.9999030046760481,0.000918531889531563,0.0008371759344089985,0.40929710845326467,-0.3646014753763515,0.0021679414311056096,0.0008056702265918445
0.44682292009311214,-0.8944923105494028,0.00018807225014568952,4.7063555364712565e-5,0.5310309120103309,0.272876668647257,0.005453557375103631,0.0022880956775206502,2.0006214129427895,0.9991086437580308,0.0008854302015671118,0.00058718068710916,0.5749024381167792,-0.36952831926041063,0.003189855395303548,0.0012104175479632241
0.44866869291317174,-0.8935465789343467,0.00021816352344834536,5.5488268785016117e-5,0.2607898153454271,0.26899250597650826,0.0059677917673648835,0.002413952097247569,1.996114055054325,1.0020622181268384,0.0008345045968514141,0.0007637434013464575,0.49396359751907853,-0.36025407598308745,0.0027039569846236612,0.0010344286574472561
0.4456602551898683,-0.8950192857612633,0.00026449828726656996,6.622399505583946e-5,0.2510948869204041,0.0013078026860544332,0.006773852652771113,0.002108859934596478,2.0018346797155147,0.9965187096701249,0.0009424092669583399,0.0009437078558185199,0.59659965994935,-0.49530569005835573,0.00328115706822722,0.0005901202125739682
