α1,α2,var_α1,var_α2,γ1,γ2,var_γ1,var_γ2,θ1,θ2,var_θ1,var_θ2,β1,β2,var_β1,var_β2
0.42369148885525054,-0.845280234363633,0.03401249908155922,0.07304492280306993,0.03365151277455968,0.2688676755481044,0.0646658572446074,0.03289464972840305,1.951494840581832,0.8964576547881886,0.12766649340004896,0.10808746665676382,0.43917844678378093,-0.38090953360827484,0.045706158768656635,0.018967854463982664
0.41222012492808807,-0.8510056142092557,0.035298778548594006,0.07163456810655643,0.24606310656608227,0.2708261637861953,0.08809379857578004,0.052941622709405015,1.977808074057688,0.9299124558520144,0.05850761522560993,0.08949686919731328,0.5011570074341841,-0.38323170111763666,0.04917195237407395,0.0223846876685506
0.4483332193292051,-0.8452190691622105,0.009859953303313039,0.07559666242444182,0.2650057796629214,0.5216797187872837,0.12906259083432522,0.056212294401746625,1.973561963194009,0.9400074388485247,0.06902654346855397,0.0912923116797258,0.45184691852189346,-0.2720333629800645,0.04941012281065206,0.02337641094373688
0.43084658668391174,-0.8755423575717642,0.010397447139331295,0.03788214764905197,0.3008457214074775,-0.034676309228413686,0.11319784907523874,0.034739548347873385,2.0017231867574403,0.9561099414495353,0.02785861539897159,0.03890524016256383,0.5914859695622255,-0.4876586809202613,0.042613781642907925,0.009906867351363008
0.4641520962320655,-0.8460392452980211,0.018116479885893686,0.05135869888070647,0.5546944715608335,0.23082200197773445,0.08705722188707204,0.04965950685644215,1.9206902852308136,0.9526312930973692,0.12571667479173382,0.09540815818465483,0.5906079640290809,-0.3583680391043083,0.06806767351538902,0.025356364727011044
