α1,α2,var_α1,var_α2,γ1,γ2,var_γ1,var_γ2,θ1,θ2,var_θ1,var_θ2,β1,β2,var_β1,var_β2
0.44697569033524254,0.8688616470684329,0.032323456129309716,0.013426211045299449,1.9153668877664405,-0.9422158687506834,0.1419130223428389,0.08942192053257333,0.007325931908481032,0.0035656262917256975,0.047095715863467016,0.023210820152208083,0.9678897059957144,-0.5160413927264367,0.09819058922330741,0.070029924301243
0.43808645410245634,0.8901700436065673,0.012862018763304115,0.002973892547219584,1.9868923282544,-0.9635454705064072,0.046453503842155415,0.044006118759557,0.729600397573326,0.0003429570389292558,0.045554706661110556,0.015049885973066984,0.7441836291214626,-0.48883346745764555,0.1938796310626511,0.05186354263469477
0.46042631168677517,0.8825527214824848,0.007300046921221289,0.001900261473093957,1.9499647119186705,-1.003366042141785,0.04507740653509946,0.018051724517699215,0.7423902774608594,0.721007353754979,0.053739981169636984,0.025548845445437698,0.6033057139975866,-0.8508224774078087,0.22341999620704014,0.11771545517902948
0.44242661070607947,0.8936240816814575,0.004745494471016597,0.0010067224765623571,2.0046347362910364,-0.982059961418364,0.03429766487293798,0.012142361666799675,0.6373602493385047,1.3570909104709212,0.15825449446431533,0.03956128695331275,0.7938747596360411,-1.0908209692197282,0.5296274120000299,0.342154450196582
0.43592645456599044,0.8958114493373113,0.006111231746000489,0.0014543979971425825,2.0079824574472287,-0.967940204480669,0.03027027444348214,0.018173600718716838,0.05774284905633301,0.7311423717352409,0.03544243988521769,0.022349471535722688,0.9148086145277197,-0.7966479248073238,0.10640662257423529,0.09488775190184263
0.4428624022170408,0.8932085018362979,0.004919203312506416,0.0011933875459866458,2.00203180079411,-0.9821160231031779,0.03488374815720705,0.011387246928993882,1.4515613038809128,0.7198727494377993,0.15255980295753493,0.043583305930932514,0.252514534558875,-0.8651781030485541,0.5850535824677077,0.16702908546503217
