α1,α2,var_α1,var_α2,γ1,γ2,var_γ1,var_γ2,θ1,θ2,var_θ1,var_θ2,β1,β2,var_β1,var_β2
0.48125831742895847,0.8329895888911173,0.04657158120613512,0.028699910414526818,1.811358086320731,-0.9562518941698717,0.2589696747890187,0.10708437848385853,-0.023099541761205718,0.006558421905138468,0.16026115316049988,0.049900058236995684,0.9999685083956699,-0.49266498834357925,0.44450021001288,0.10594807489552095
0.4750298872261409,0.8482300948194225,0.03441179293892687,0.020994583308096754,1.856463762067574,-0.962814822436243,0.21297000049959752,0.07690718119444417,0.7362912555346584,-0.011589262208096718,0.173790716273575,0.0422552867365943,0.6347827716960704,-0.5126200462025561,0.48764376722845515,0.1126462495990895
0.4409064150522809,0.88060122068762,0.019331177244581624,0.011116321027357394,1.9702029757362753,-0.9337931558064436,0.15099655974647122,0.036114198608933785,0.6412946952367237,0.6453842290487255,0.1507771861207078,0.10963551203418426,0.7629542807767037,-0.6942676640185291,0.3562532560840741,0.29859974137611683
0.4564809931376588,0.8715644257389218,0.018841914697946216,0.01348187791866006,1.9354068965890037,-0.9430026697690174,0.1932125095630357,0.02938375401642343,0.5338522778971057,1.113593470263875,0.2172970365144278,0.15879573606514077,0.8594310701470945,-0.8169978229229053,0.7977579871562436,0.5746066586101441
0.44623868599096406,0.8788317277572554,0.0215388855765426,0.007275083526745438,1.9534201968988651,-0.9539162643212812,0.11967508306650615,0.05295824396234199,0.032986747444723324,0.6205862000603715,0.13229225189970895,0.06667891216090598,0.9179226276897046,-0.6680594430992541,0.2345347041971026,0.16730999312768874
0.4592816017823865,0.8794148577920666,0.010312102251481188,0.005536299929089392,1.9440809807520574,-0.9834691063116152,0.09391940629468276,0.01808577948360934,1.3387163703752882,0.6132372899895483,0.2094522200216324,0.07405013595465207,0.33825964789594737,-0.7531113788965753,0.6787562101087042,0.3107014082420028
