α1,α2,var_α1,var_α2,γ1,γ2,var_γ1,var_γ2,θ1,θ2,var_θ1,var_θ2,β1,β2,var_β1,var_β2
0.45072135617004977,0.8841061220582538,0.012066258418408875,0.003293967875881348,1.948241470389392,-1.0656257769766098,0.20449485562517078,0.24573198080155434,0.021204058775001408,0.004467742823284571,0.010923770898300784,0.0023843055308693066,0.9411866500268782,-0.4558009405960265,0.6816723330136685,0.23579055523759995
0.43898182201945224,0.893572209490401,0.007182219737358974,0.0017305745686254405,1.9750842884070814,-0.9943620531060797,0.08689517908038834,0.10611008856355927,0.6760720558049413,-0.0022741450621484322,0.015537323285423628,0.0037490183312631816,1.4533371802955648,-0.5351493297970111,0.7639222130372887,0.2314499451039786
0.4562125708842251,0.8877906566752489,0.002931548300419782,0.0008036437069906056,1.9745017743935656,-1.0067095863089226,0.08629069913170684,0.02089362400812676,0.6553844391102196,0.6798644239285625,0.01947657216320307,0.007590724839033085,0.5125870929948164,-1.0278221576252902,0.8210576876865449,0.5578484602488153
0.44162034961289753,0.8957585493414713,0.0019434958075147829,0.0006707345858639304,2.0136638767108077,-0.9747262418932524,0.16926277084917865,0.021124171887527746,0.7785853278268579,1.3332243389013223,0.06101518231482645,0.03450900452551024,-0.9859880870440912,-3.179683777579464,3.483662217802264,4.385870153713382
0.45773795844115733,0.884790245605555,0.005919110152941811,0.0017800642747178477,1.9756053232656012,-1.0166785652739518,0.1032221820375264,0.04545871736763706,0.010833287194754493,0.6749243457161599,0.012144934274088337,0.016197126067248397,0.8684272405698168,-0.49205792079163274,0.5087137605967049,0.5929096011045951
0.4420061493661841,0.8958051201311789,0.001723251367558443,0.000462355369050614,2.032029682074169,-0.991188864238848,0.10787584892687889,0.012033113818673913,1.326607696664096,0.6832892650990731,0.03762103053867735,0.013185360542086612,-0.8430116017225346,-1.6202176651662004,2.7370358226281013,1.377655455108241
