α1,α2,var_α1,var_α2,γ1,γ2,var_γ1,var_γ2,θ1,θ2,var_θ1,var_θ2,β1,β2,var_β1,var_β2
0.4232054671923919,0.8956008210290904,0.015499859842736306,0.0034863037032113377,1.8543055857232775,-0.9700966213537469,0.25587310599408675,0.2759414825986108,0.00010414075040570042,0.00474765655702907,0.007296468316319007,0.002806835472387327,1.0177263404263912,-0.4178215620057862,0.4986147537406681,0.23680045537652536
0.4534599959680067,0.8868488015877319,0.006281253168284466,0.0016715096388861643,1.9802443507941672,-1.026275632638669,0.05369187919703869,0.07010029136985255,0.6836953463047322,0.00649674679583145,0.012703236769811242,0.0029884368482682114,1.3952755398783159,-0.43794685024968744,0.9527613274729347,0.17884421343149598
0.44520004082222703,0.8934791254848646,0.002796459694237715,0.0007307887650437516,1.981240922558673,-0.9770592733487473,0.0856104594285487,0.014396945028606393,0.6505159341645036,0.6716390977874542,0.014968284125249975,0.007997309395276944,0.3567391332456713,-1.0849993044180417,0.7762316621655154,0.6345896443612333
0.44626295509994857,0.8940772353998736,0.001209521486584818,0.0002806522964255578,2.0273626171610473,-1.0009248900022387,0.13258738836248266,0.015872588714658777,0.722558954953021,1.362738878818475,0.04168648228308932,0.03568509805535682,-0.9932468301541506,-3.7270866150738855,3.1946299004824574,2.578838446956232
0.4412645713013575,0.8947771807704282,0.003757891773512736,0.0009485475060360929,1.9732961801876703,-0.9716940465775405,0.053969052761322335,0.027576705086408325,0.00697038877594901,0.6936754653756565,0.006837058639966567,0.012238818403905989,0.8470241793989567,-0.4425352828985985,0.5406541060712517,0.7062513755150381
0.4424550071132461,0.8955947279063505,0.001737334512511652,0.00042796854482896805,2.0211147438169887,-0.9888344635296038,0.09142254154683493,0.010805084582515102,1.325036507164319,0.6750025836231459,0.036105343366713734,0.017056348326855295,-0.8722782648686735,-1.4937850589229236,2.4668780282335336,1.4106873319624575
