α1,α2,var_α1,var_α2,γ1,γ2,var_γ1,var_γ2,θ1,θ2,var_θ1,var_θ2,β1,β2,var_β1,var_β2
0.45251218753853434,0.8796539295299145,0.017028801817037267,0.004629465245255979,1.9154792640531855,-1.0948210771941274,0.2393329837402403,0.34824078023301624,0.002581536896169559,-0.0011415463354784233,0.0029376279565738344,0.0016274726103372012,1.089849987900599,-0.4947319130613274,0.2677228789957941,0.1243853136589348
0.4539641975763578,0.8874408386932607,0.0050636243892217755,0.0013659363564909814,1.9598473217231425,-1.0231272555024564,0.0466902898109868,0.0778707904397701,0.5619368163258978,-0.004633260124784725,0.008210186404393721,0.0013188036868771777,1.282629070943478,-0.5197318117612368,0.452538769401985,0.13172316977355902
0.44826089900520605,0.8926569166462802,0.0018039334233111689,0.00044434494699220937,1.9803888216665624,-0.9878825777122477,0.06835096947249308,0.012968008197326244,0.5550182428810213,0.5922324411274895,0.007526064154243713,0.005702487910440332,0.7482521914533911,-0.8900352282505994,0.47366794638454074,0.3043999286551458
0.44514127857575325,0.8948035856151678,0.000959293103327154,0.000228368793826866,2.045350142348369,-1.0082738453458515,0.10588699676868774,0.010677661915996279,0.5855849917296301,1.151322360313866,0.034882530247401455,0.009447075808067749,0.08042823729225283,-2.173186267140175,2.287554576064641,1.4540169847302582
0.44303471816289497,0.8947344012315648,0.002581127658718591,0.0006214882555415804,1.9781389165893264,-0.979684122642396,0.035620595767893094,0.02101929959833387,-0.0017079353289601066,0.5664224558079498,0.0037369683098425963,0.0029420741227072778,1.0957481296232237,-0.49042504636619755,0.3069359651017138,0.34476473349990866
0.44478906098146687,0.8949622833070805,0.0009798441821829303,0.00023753227135423315,2.0077277024453686,-0.9926370247339358,0.057522008655321775,0.008282761274394175,1.1174290371924485,0.5686496315727994,0.016466742354755055,0.0036280703400644533,-0.09712054927932788,-1.12384317539661,1.4958130650208328,0.4328201572457719
