α1,α2,var_α1,var_α2,γ1,γ2,var_γ1,var_γ2,θ1,θ2,var_θ1,var_θ2,β1,β2,var_β1,var_β2
0.45067858148007167,0.878433301850896,0.019263921073404168,0.006234816698760571,1.9438309513156957,-0.9760905650836552,0.07351914107026213,0.06028935069326662,0.003105951893933462,-0.002845214275041798,0.017929998490655366,0.004903597291019992,0.9793556726622233,-0.47707970738768696,0.03563639467284693,0.015589483482760593
0.4427470298022613,0.8907284312712025,0.008645104834673595,0.0020396722627183863,1.989522556873318,-0.9789504194401769,0.03233822049258934,0.029274105638182068,0.5754049495014253,-0.0063996348196482975,0.012150909484348616,0.005076106976091046,0.848478537966528,-0.50233604753594,0.05845282714479219,0.01948655589327816
0.45382922520774455,0.8892714283903742,0.0025924926992717465,0.0006755487107101285,1.9748241991317093,-1.0027158551044586,0.016997896846017397,0.005991806272688967,0.5647094103430359,0.5703163015572631,0.017021559710688087,0.007623453994373707,0.8407942234860477,-0.6357708402606808,0.07986258806065803,0.036889616322688744
0.4484258193884835,0.892622985165237,0.0017294150218658184,0.00043067675638494525,1.9896153444617617,-0.9952395463901321,0.014848076514948481,0.003244172477098543,0.5150509920035711,1.131247883861288,0.06732403674507184,0.03446265053579942,0.9696155767631877,-0.7768012850207175,0.19302299605360923,0.1352179147364943
0.4414420621793559,0.894351626328364,0.004245941287590052,0.0010713054019533099,2.0055284617479567,-0.9833464119182718,0.021584314630420997,0.012135742127803564,0.008589446119593124,0.5737117349651799,0.016185293132800347,0.008154629518594983,1.0055414863489984,-0.6449004405675055,0.052226873337842615,0.042929795990012926
0.44193851380090615,0.8955750304357237,0.002137401926595439,0.00052493633552484,2.009307709189222,-0.986949761935,0.015466741905610301,0.004777080476173936,1.1076685011768586,0.563074249493113,0.03545243571229936,0.011039573822731163,0.7281784167400022,-0.6464118116514561,0.1241092644808647,0.04677075211792391
