α1,α2,var_α1,var_α2,γ1,γ2,var_γ1,var_γ2,θ1,θ2,var_θ1,var_θ2,β1,β2,var_β1,var_β2
0.44539431652874223,0.8838938984048278,0.0158283412193752,0.004732748847908258,1.950478837024657,-1.0788270318500641,0.1968421842386342,0.33175731025187255,0.014558480681812066,0.001174223012056845,0.003964813149287737,0.0021913551930698525,1.0653978346274764,-0.5267642163559474,0.35416641316146874,0.14226099968766698
0.4484013374713044,0.890309220477878,0.005063891462937952,0.0012853332704142973,2.0077995496920717,-1.023969236247236,0.04509973225391606,0.05955715546166778,0.5632913317270206,-0.0002887522561901548,0.008770384096583888,0.0014337806246942013,1.2551960726847926,-0.45757548054740455,0.5248284790859183,0.1451229517662671
0.449723608964888,0.8917523972313419,0.00205132625128021,0.0005005298818020605,1.9878500895446256,-0.997168660666971,0.055105163623375926,0.013356598421804955,0.5588375492815064,0.5719773573719769,0.007113586046331865,0.0033906205217517993,0.7972095351693838,-0.7810064807387525,0.5245357258108763,0.3420081157181878
0.44356713826339855,0.895677289604089,0.0008222211002292476,0.000198371566732172,2.00619613995719,-0.9862565984173963,0.08875196803783493,0.010772205086466063,0.5580338844449794,1.1262478733317052,0.034781298445000025,0.013606700276231098,0.25432959805293803,-2.1142107523668097,2.306202522203103,1.6464701074500658
0.4422707899839064,0.893974602093692,0.004220424140029785,0.0010381204442496239,1.971849043732617,-0.9761169625339737,0.04046379705455647,0.029929613566333075,-0.000645888387866638,0.5619961151967857,0.004181972628117446,0.004183953787625797,0.9824795231716653,-0.40850558331479236,0.3658012862153343,0.28700653164349543
0.4534885873474025,0.890594485877165,0.0009508764914694548,0.00025070216595017065,1.9889801177919977,-1.00725838019952,0.0626568634908256,0.009331168614683855,1.1420839691050402,0.5710901346366651,0.020542035325621887,0.004191688240036702,-0.15043209905410973,-1.0791442687665116,1.113703834708546,0.5136912010224032
