α1,α2,var_α1,var_α2,γ1,γ2,var_γ1,var_γ2,θ1,θ2,var_θ1,var_θ2,β1,β2,var_β1,var_β2
0.4405438556679539,0.8811938461848512,0.02279714376023086,0.00691852965306381,1.9491033221248202,-0.9505182722071741,0.08120296547315549,0.07386841523286256,0.02392381752505616,0.015147557098038344,0.02141745952624323,0.007340610463126657,0.9912258083403974,-0.4964124503823091,0.0432898083548335,0.020063758404718704
0.4426096592785479,0.8911922635366168,0.00802224374834592,0.0019505228433803223,1.9849000213471149,-0.9765177375709022,0.030521614608389765,0.026617342029520027,0.5319641839373109,-0.0018100486980886627,0.01116773115156562,0.003487316097313226,0.9191516409349829,-0.506788689896159,0.0575455046514555,0.014787354148966605
0.444512918114263,0.8935562318027249,0.003166133019906578,0.0008394490367171776,2.000365321067017,-0.9890318047945554,0.020256870575424014,0.007461637386083007,0.5314738221976592,0.55899403319968,0.018181728341311692,0.005920571025799369,0.8937489722342746,-0.6275920655977756,0.07366565832905554,0.04068884510902544
0.4482120756672496,0.8926647893789206,0.0018210251857368098,0.00045726676289288207,1.991835763896152,-0.9956286405758532,0.015457293309892893,0.003403684961942015,0.5315261205296156,1.083217467906262,0.07584085589751936,0.0194208966061224,0.8747250348520725,-0.7336988943388683,0.2250558353038028,0.08581603026780146
0.4453749451398837,0.8923740351442543,0.004269378539355233,0.0010939948364092169,1.988532526574156,-0.9858645705689534,0.02149271370412205,0.012102629528565764,-0.0017462776491451379,0.5494553748438706,0.011238242192640918,0.005155785051658237,0.9980208224755888,-0.6465275624893492,0.03732999559466928,0.031486437104466844
0.4486387150060623,0.8925584775202735,0.0016577218881591944,0.00042578074254870927,1.996823943825493,-0.9998563471537334,0.013186528256294761,0.0033364808372692628,1.0631203036074408,0.546669145641971,0.018397214041724477,0.009196040219324093,0.7786580588465675,-0.6255802021160118,0.11632650251869545,0.04349109448179694
