α1,α2,var_α1,var_α2,γ1,γ2,var_γ1,var_γ2,θ1,θ2,var_θ1,var_θ2,β1,β2,var_β1,var_β2
0.4416008395668804,0.8896256871262186,0.010974933250764927,0.002716819576537793,1.9110520657984502,-1.0169606988487871,0.16990048979049777,0.20933158681808306,-0.000591684048930182,-0.00434308903163184,0.003318933087459732,0.0010562064175863271,1.0044722268718254,-0.5213230464344889,0.22362373322407877,0.08683809181756295
0.4424309652027768,0.894045537394092,0.0040866029948283785,0.0009006880106749871,1.9741644564980947,-0.9895042541061446,0.039015748240526886,0.04735009072939087,0.5265849189259043,0.00281080576752183,0.0055070620542014195,0.0007754472207139057,1.2097374743452431,-0.5323479432431373,0.2958849823745902,0.10377408376174703
0.44299716121481963,0.8954451276703318,0.0015684128792862833,0.000382636097556507,1.9861390012652596,-0.9785224942424907,0.04981408631760756,0.011442498492867149,0.5278296495280415,0.5506740102330919,0.004766376476342105,0.0037099242882749858,0.8149757596852938,-0.7466311635662045,0.4020756120887541,0.29583224811880054
0.4425595485994352,0.8962908960549748,0.0006546521935984807,0.00015714133411325761,2.046980597642501,-1.0048287650850136,0.06923447668065208,0.007913258535009751,0.5185792117253782,1.09052939088497,0.019019180511766577,0.0074870278293109925,0.4298282613955351,-1.9002015085816606,1.490471713767132,1.2250444836396874
0.4423007679196093,0.8946996784204673,0.003113731921413494,0.0008080015452900787,1.9719456083826308,-0.973895583380772,0.04106782749606172,0.02205705369181036,-0.0030314937025931786,0.525985397071049,0.0024192921870147765,0.0017356778842863847,0.9893765028663362,-0.49439981474625255,0.2527214819161936,0.23101311743213457
0.4470274835633379,0.8940436807934844,0.0006915591471277385,0.00016937597637501497,1.9815682239231325,-0.9868919070229853,0.05372018348661478,0.008507864688354105,1.0597190847266267,0.5441830049304313,0.016290242799806863,0.0035802136294904975,0.21172356511736193,-1.004478603203504,1.0359298637237622,0.3106029704684275
