α1,α2,var_α1,var_α2,γ1,γ2,var_γ1,var_γ2,θ1,θ2,var_θ1,var_θ2,β1,β2,var_β1,var_β2
0.4657355277908839,0.8733126670660465,0.014329988968681954,0.006291630925596073,1.9970779284240996,-1.1658951545734855,0.17178796112508027,0.425494200418058,0.00279785910544352,-0.0013737266393106366,0.0037865944326966913,0.0014579223742661037,1.0699204259841228,-0.5106121499889641,0.27912337577767904,0.14316003731077132
0.449447517752672,0.8898792162587387,0.0049106723772980344,0.0012629733365353074,1.991075602208135,-1.0176819172454692,0.031119175758142926,0.05430467779989971,0.5294041932873977,-0.002335685246365496,0.010087883733373796,0.0014449645952176004,1.0979468072467662,-0.5037099859841757,0.38447811387631964,0.10426787307056085
0.4486047834168204,0.892266478576056,0.002151874698977999,0.0004888116697416409,1.983262118244993,-0.9908402438231384,0.04722892782043436,0.009832350674066093,0.526506484674652,0.5427841897895926,0.006873127713182923,0.004179876783270944,0.7825704577596574,-0.7001930319097194,0.331497211245206,0.4007071890327446
0.45047625790792467,0.8923017413047609,0.0007000642674511667,0.00017745444544238132,1.977157357933665,-0.9908072844979453,0.08602211518616708,0.0102473601237264,0.5276525821837105,1.0790005695132492,0.0315402260125608,0.019662751636979985,0.33424918602594245,-1.884782492129902,2.450360498348917,1.6791548759085078
0.4393319873745361,0.8965973201015524,0.002541674162700618,0.0005902959951327812,2.0444584211557397,-1.0009260024285536,0.03727073066719791,0.019431721177493397,0.004014685308599564,0.5320412408498885,0.002167844059291299,0.005416163623673785,1.0495908208422464,-0.4628792778104712,0.2394625973751345,0.24277500520723638
0.4462051978833329,0.8943050885598179,0.0009019599670318217,0.00022867635409134655,1.985351253122725,-0.9839400581026796,0.07339145462837547,0.009761368089697653,1.064415158833832,0.540098397351142,0.010186894261590456,0.003245991154439739,0.38719612791205354,-0.8725426883651365,0.7173237948811771,0.2733682014715035
