α1,α2,var_α1,var_α2,γ1,γ2,var_γ1,var_γ2,θ1,θ2,var_θ1,var_θ2,β1,β2,var_β1,var_β2
0.4464894504715092,-0.8940715960467176,0.0010317436836583442,0.00026436920535650207,0.2574712667247015,0.006285169341120912,0.01246437061938511,0.0068907319231042135,1.9764081522078947,0.9862055474595411,0.019866232895520333,0.008102560559945148,0.5339261871336874,-0.5419161671158867,0.3502575758254539,0.13936447710067779
0.4463658048932641,-0.8942170174962166,0.0009215982915503493,0.00022334498335802277,0.5385647134659138,0.27449343480665434,0.01314685276281493,0.005762025792654493,1.9943074239083518,0.9926599365982872,0.029058680865135876,0.005985581994279892,0.49656015610901283,-0.644650399880969,0.3528537810913013,0.2530680343896585
0.4451336646527039,-0.894644759012222,0.00118529582050339,0.0002962958611303672,0.2819789455793354,0.5575921722938834,0.020559371783054385,0.0071605946534340804,2.009376493998857,0.9958797761561187,0.03289598938686276,0.005719633737438516,0.7384714285830052,-0.9817955895727937,0.2881458638826879,0.4115674346443987
0.44676738750416006,-0.8941355592054869,0.0007448731596716926,0.0001849280797211504,-0.021272361390231757,0.26458573818095205,0.012426062127550012,0.005840403711571875,1.9963422922775629,0.9955865537847448,0.025479275238556132,0.006017501624533824,0.4732502178821679,-0.536875433248523,0.3248350655009902,0.20767599854922325
