α1,α2,var_α1,var_α2,θ1,θ2,var_θ1,var_θ2,β1,β2,var_β1,var_β2,γ1,γ2,var_γ1,var_γ2
0.8364137995902154,0.41046267193621466,0.050932103378889045,0.08144315964096123,0.8440028284525642,-1.7914865739123966,0.28914493688849147,0.20820205897455657,0.9997109646224834,-0.599349206630743,0.18151159381563475,0.6881608574643735,0.009881186285268746,0.9206121435977108,0.022203471543247453,0.02107443027024715
0.8108001386663526,0.4658978168508213,0.04881955955674588,0.07922419530943635,0.8855956010378573,-1.7494316724128691,0.22418012818198005,0.31379666550457036,1.1032612052646409,-0.4085902685555125,0.22981466208140802,0.26420293043304627,0.5664869111935797,0.5668462538527055,0.02350260839371859,0.021419840883726008
0.8147361858088433,0.34279339049234936,0.042397720254970545,0.17481217513632819,0.618715089035499,-1.7539009083400674,0.509693942054647,0.41369858901725315,1.0440585131965796,-0.4198635924699136,1.1787978815073936,0.11578333306140992,1.0676799175539167,0.0055527553913963966,0.14319072757648407,0.025718504052687025
0.8445495352917014,0.3359671696412566,0.038971367467653284,0.1383709333056815,0.843272046906291,-1.719694660521032,0.3061585506998302,0.3527725547562073,0.9641957142905362,-0.5504173979913409,0.3272862999236175,0.5117114322350276,0.43519499122011784,0.8907026965813876,0.0395292666413061,0.039411473278510446
0.7885714651640735,0.45099949374588155,0.08651825121969903,0.09049888004177667,0.9024416653536236,-1.7095419829661522,0.24432014544252503,0.3465080147533444,1.0889404344559643,-0.3887365531209803,0.9753456437442273,0.30217399187771926,0.9624881876791329,0.4827654048212839,0.11091769448670873,0.024687361781381253
0.788454362406603,0.4071967990600609,0.057949022669433116,0.13992586554305453,0.48165971295060767,-1.7916101589244489,0.6401206957513959,0.8413091762892457,0.9527667785837672,-0.5201860192112006,0.5048234325748978,0.1497458621583287,0.00805646044666588,0.008233146829878728,0.09327687774487195,0.020394341169855973
