α1,α2,var_α1,var_α2,θ1,θ2,var_θ1,var_θ2,β1,β2,var_β1,var_β2,γ1,γ2,var_γ1,var_γ2
0.7587390811538574,0.39378023359857367,0.07442947411166462,0.18654255636561537,0.926551010317448,-1.4880303310336165,0.4627895302295859,0.4664760838027217,1.0288873997518835,-0.4300525286430972,0.16160314580770427,0.7652745442919364,0.009864390069287068,0.8870277180247298,0.071699485438454,0.07287836285137991
0.7334467454474178,0.33537696624683155,0.12377634234150658,0.23234168675199435,0.7952861096696016,-1.397588350626887,0.4783898863774714,0.5953458139090293,0.9862567431642981,-0.47756787112888704,1.2201042462370262,0.3358193498359621,0.8792412561758617,0.41337343583589964,0.19080090931394061,0.059335578187160815
0.7479255721516864,0.30393325174424995,0.09549899593097472,0.2581625755054976,0.7580761798716473,-1.3950119247318853,0.528240384918689,0.5358203112344894,1.0205598670023337,-0.4873823342523162,1.1892641526002283,0.18865262801471797,0.8856904121492193,0.022038692189002212,0.21993104981776498,0.058528796292918114
0.7336513022587774,0.3246189395623017,0.10724161205938547,0.2554838953061831,0.7674338654136826,-1.3471670224842525,0.5725510581279446,0.5398799820252348,1.1034295297403827,-0.5435093789822573,0.5171955887673045,0.4025741461603217,0.4091197045105331,0.4561755647499461,0.13347022981235843,0.08248092382782912
0.77152567147282,0.2919691904900305,0.08023576172646171,0.24337196090414331,0.8008747928250182,-1.43021796734735,0.46824149249864727,0.559376698787654,0.9818614370976279,-0.45353123879025675,0.7968920106105091,0.7493964494204957,0.43304448641215904,0.7854461900793688,0.13357603684596484,0.09939050404466158
0.7051813234888232,0.29943989175637775,0.10254007857112567,0.3104979918305776,0.7315508871904999,-1.263238389957019,0.5894656734198395,0.5781673065127656,0.9485568687150776,-0.5717048266960046,0.4563262579109839,0.22743563157092647,0.03581214197092219,0.04922818641159839,0.13346511865957986,0.07101808046845766
