α1,α2,var_α1,var_α2,θ1,θ2,var_θ1,var_θ2,β1,β2,var_β1,var_β2,γ1,γ2,var_γ1,var_γ2
0.6952222107228391,0.4229025491099746,0.11311400169707199,0.23147576623430194,0.9181658929367152,-1.34082197782798,0.5348966302371628,0.5297136860596395,1.2287698778683807,-0.5034080805116071,1.9871604659883975,0.2532797945033323,1.1165701026019783,0.01761217857756666,0.37958107466555574,0.08840656389131818
0.7558718410804951,0.38133207826687765,0.09936159665103617,0.17811950601090346,0.8738423325132096,-1.5004111197825183,0.43077013161516353,0.509568823962326,1.0599689157310197,-0.5298581701725475,0.7336735875270008,0.9120003342456553,0.4915329933887172,0.9276409077887695,0.1647532391866711,0.11042312908618424
0.738982571809623,0.24159534954720796,0.07974275181201249,0.3194176169022742,0.7841829292125171,-1.2923985930822113,0.5332648470638554,0.6304289857456031,0.8324378716608283,-0.5938836717809896,1.6690322113666536,0.48679922293107125,1.032537678847113,0.5013599982157031,0.2952723372145664,0.078212741636966
0.7691965220873067,0.30273316697007213,0.06455856742360605,0.24783088057319766,0.847550715008994,-1.4244163156951233,0.5234336580387481,0.499092055590919,0.9872808846542853,-0.5241288442234937,0.6504293661391356,1.0715198302033972,0.022663320464745812,0.9977941852439437,0.18601975388694264,0.09796870605292149
0.619953560181278,0.3932966731827144,0.20205207461893174,0.2652751994979999,0.7727810509120393,-1.1714659695611305,0.5960435475479037,0.6543698171716058,0.8759346758937248,-0.5327753298736019,1.082705643042982,0.7640689209802328,0.46927383770588027,0.4891381600427641,0.34666932803310585,0.15446169359413503
0.694156302625303,0.3010693889177529,0.1158371391626064,0.31586611398350967,0.7023607299185117,-1.2342978156141293,0.6245435269706867,0.5671565848015567,1.05520272919697,-0.5614349189440081,0.9436833449255725,0.46509530960486306,0.0511603561145221,0.04389092199314391,0.3231460215026411,0.15579926175215492
