α1,α2,var_α1,var_α2,θ1,θ2,var_θ1,var_θ2,β1,β2,var_β1,var_β2,γ1,γ2,var_γ1,var_γ2
0.6686301090419248,0.4610473081306541,0.14367095408423353,0.19872393270248878,0.9431633254157571,-1.3527754255532374,0.5420632064101117,0.5077951886355561,1.1951140547043644,-0.5586455929063724,1.8326857838612245,0.1267408634560481,1.1107007147112273,0.013223094438795666,0.17298239217860023,0.04741859510278637
0.7661752814013744,0.32836313609570467,0.07378947004924519,0.23236899430204708,0.8582293335650472,-1.4524239027525718,0.49343907334958387,0.4957357244775918,1.0930494420003434,-0.5794688917624422,0.5379013795122526,0.8661042814969127,0.010506476264431098,0.9677750036365418,0.14989321605211267,0.09034078494918184
0.7624126643382627,0.29676979246040636,0.0974642458497538,0.2397233264470833,0.7354451379020627,-1.3985212408505405,0.5839613332290157,0.48934742577788953,0.6682104342096096,-0.5799862466075908,1.527012058042813,0.4938411548535254,1.0280087601827654,0.5046947463929743,0.14158311963893017,0.06562114636451327
0.7246541675963201,0.2915537424077851,0.07910330756683105,0.3149137352098075,0.8321488333043654,-1.287517835481884,0.6088994123835858,0.5415192772530804,0.9550069937427026,-0.48172459657647465,1.1382204830230247,0.6113260903636136,0.586514539814498,0.5830483452051051,0.26077022356425666,0.06952888518353874
0.7838532748708654,0.26207533511590164,0.07228113898542468,0.24982251863268068,0.7763250258184654,-1.4453670395210734,0.4738077408896571,0.5450711715370635,0.9143535808750777,-0.6046801295091815,0.4610198456113236,0.9591429859122009,0.4327325064702548,0.9350937816381856,0.0980345038614178,0.14652923656827982
0.6453050951797841,0.36622659233170773,0.17355272686574813,0.28415794574445136,0.7280403247954417,-1.2210389067985397,0.5644591051222453,0.6309811033341549,1.2926757113471963,-0.5179492118142514,1.0899233051639268,0.4434182868667406,0.03415636865595407,0.030118891267486108,0.3859969903335839,0.12948419967028904
