α1,α2,var_α1,var_α2,γ1,γ2,var_γ1,var_γ2,θ1,θ2,var_θ1,var_θ2,β1,β2,var_β1,var_β2
0.31337846999704433,-0.9492691112117848,0.0006232934771584594,6.56853526393716e-5,0.006008795327915544,0.19931010640064803,0.010782106843887614,0.006805195599536338,2.982120765621379,0.9838056100144675,0.06971971791248262,0.012426496065866181,0.5347942287082034,-0.5093831211137596,0.5434131336906844,0.6109283282284774
0.31480551056122347,-0.9487443715502968,0.0007073302202930738,8.21727816461272e-5,0.39322799663230157,0.1919331840246181,0.011647858279306086,0.008292462885564398,3.043365417191036,1.007340738021022,0.0597224648750257,0.008379096076057432,0.43896049054180153,-0.6289773217757161,0.571291007540345,0.5312404779817026
0.3114017194681026,-0.9496149629323262,0.001155093022226697,0.00011802949024426501,0.19826117743810331,0.00047868069672296745,0.009488946793308296,0.007035946154500026,2.9818885847169225,0.9769007454406221,0.057777022325059234,0.015246107182505624,0.6648850082339677,-0.38587005956088727,0.8727817737861167,0.40842706908466275
0.31773288208434947,-0.9475749635013806,0.0010462272908230523,0.00011286784829866371,0.19009109727058504,0.3938525181005151,0.011912381789290438,0.0071347708022532945,2.978005102327829,0.9952440512098459,0.10105710412386888,0.01567548289418019,0.7517861086575525,-0.7261848780055928,1.068785207196292,1.1801249781783725
