α1,α2,var_α1,var_α2,γ1,γ2,var_γ1,var_γ2,θ1,θ2,var_θ1,var_θ2,β1,β2,var_β1,var_β2
0.3184488885220349,-0.9477342201617361,0.0003539046887095249,4.018958755956655e-5,0.20233354594119432,-0.007037968983439827,0.006450420025855149,0.0026033108692388937,2.9924502956612757,1.0047720108722162,0.003198392359331729,0.0023749146039365116,0.619697985832463,-0.49355578069250855,0.01052687185227394,0.001709633805844625
0.31598849719507655,-0.9485870522269415,0.0003031660585442282,3.40803937778982e-5,0.37985216243138686,0.19549286701837584,0.0075940179650972085,0.002796282213813774,3.0013231013904216,0.9991194342587874,0.0028430121789088454,0.001957390710725396,0.5944546243297854,-0.3229866246013027,0.010556734735822231,0.0027650468355577516
0.31351065666709216,-0.9493631107541812,0.00038275299362748556,4.224912285055391e-5,-0.010390731507635842,0.17983967090637634,0.006734430850564674,0.0034632848907203144,3.0050659362907743,0.9916078721212908,0.003217889569482193,0.002598674997852553,0.3899218961688856,-0.314955438806072,0.008369929692841723,0.002433044664467518
0.31772883571185956,-0.9479789240200889,0.000348564302737243,3.966455675840644e-5,0.1920679462742142,0.3858497279535178,0.006569195733851977,0.004080823560660672,2.9959762074070393,1.0034130516313748,0.0031117457106305934,0.0022938517356269872,0.36394048024998027,-0.14971951299314937,0.008441416900082273,0.004194623507327084
