α1,α2,var_α1,var_α2,γ1,γ2,var_γ1,var_γ2,θ1,θ2,var_θ1,var_θ2,β1,β2,var_β1,var_β2
0.4501386708843511,-0.8927462311068056,0.00030650541240709106,7.667016240472236e-5,0.009581425477761451,0.25980405382618027,0.0055989321773105925,0.003492573129672875,1.991264287492394,1.0033156366502372,0.002473159971490878,0.0006149702843863007,0.3382313737382015,-0.27333278379421766,0.005849731761516365,0.0016025692470494517
0.4511986737480138,-0.8922339081643524,0.0002720296859965618,6.979852592175407e-5,0.25916867481553174,0.0015898071431320268,0.007055674203000648,0.0030713836507517303,1.9885176276148975,1.0049918104521314,0.002038857230091243,0.0005794141587294597,0.6401612247998724,-0.49743965093326586,0.005423329453458348,0.000877833770752917
0.44681073827568246,-0.894355037102233,0.0003960126143952703,9.816089207201857e-5,0.5120680117646362,0.2646051366426539,0.005041344170251461,0.0034361783041431853,1.9999185786117406,0.9982189769086328,0.003147113264863781,0.0007916827427835513,0.6403789779573631,-0.2710697476296458,0.0070892712952940135,0.001701136331100586
0.4484699226221239,-0.8935470700367777,0.0003624125310874076,9.047851133287912e-5,0.2727531507941893,0.5286616081345887,0.00739850778043492,0.003624759558244334,1.9954108166635067,1.0006034964832888,0.0030656196364504547,0.0006708993727386614,0.33155091243105306,-0.06728335688126269,0.006258437033093441,0.0023184948597632675
