α1,α2,var_α1,var_α2,γ1,γ2,var_γ1,var_γ2,θ1,θ2,var_θ1,var_θ2,β1,β2,var_β1,var_β2
0.44746746210731503,-0.8942401557779673,8.679546196923106e-5,2.1703678874418922e-5,0.5258439795482807,0.26080488657129103,0.0010163849660590222,0.0005684608913932111,2.0009326507542498,1.0004433565896553,0.006864267022279257,0.0005280729650354052,0.9361060104632106,0.11861234229950307,0.03632739358567629,0.07177934747314224
0.44720657168587336,-0.8943681130207686,9.038873427590218e-5,2.270283404502102e-5,-0.00443398258109578,0.2654602183485912,0.001043468761845666,0.0006335623039074794,1.9983503022300848,0.9984881646032717,0.006006724563852773,0.0004321427567037808,0.05117439384451373,0.1868373880692799,0.03601758252833627,0.0680786530593741
0.44650434092863883,-0.8947210991583774,8.74030753336756e-5,2.1716371845244696e-5,0.26564020417527323,0.003112327196689147,0.00108802909430277,0.000565930527805357,2.0064816806674375,1.0007494490240285,0.005101931636787099,0.0005305347711791316,0.9673879911293676,-0.4837244731245075,0.05212093199603084,0.006680940510148272
0.4480723231531797,-0.8939351606561816,8.979141668945899e-5,2.2452792117709324e-5,0.2548542481354394,0.527578664766218,0.0009382636973095059,0.0005432374418415917,1.9819867026205316,0.9924657540329686,0.008835574895901,0.0006760916184816524,0.22195659464368847,0.7076090145493251,0.05361284189163159,0.2538487072952099
