α1,α2,var_α1,var_α2,θ1,θ2,var_θ1,var_θ2,β1,β2,var_β1,var_β2,γ1,γ2,var_γ1,var_γ2
0.7900341078141875,0.4360723747229841,0.0754256071840214,0.11205794741254255,0.8471392874123889,-1.6702917154724475,0.3099705377185163,0.36630499139044637,0.973737307813002,-0.41862458506006084,0.2305269827334604,0.8340803391382108,0.03128628178610253,0.9585115726997314,0.04161700336675281,0.027710947131524746
0.8376239274394908,0.3354010047778959,0.04371704246484837,0.14466425766335156,0.6709308411689537,-1.8033744613090832,0.4191516585073792,0.29898802904122385,0.8637358792529446,-0.5131923829870233,0.6403650066780182,0.5473988194194933,0.5742663988515057,0.5830857217662001,0.07814746841983852,0.023713533024655575
0.781479821110911,0.3224936539001922,0.07180210629061402,0.21780053599861027,0.32433187341341224,-1.8324693411169293,0.9348522470922958,0.7957945230066673,1.064096078038738,-0.5193222228824605,0.7925713988479609,0.27977258898668184,0.05142778475942628,0.02320925703307662,0.15775586059586025,0.05403311762576994
0.8487371231283052,0.31501910629808266,0.025505335770685093,0.15691304262916606,0.8386647372301793,-1.6793129950458736,0.30271159379430695,0.34676546552337595,1.0259164370736227,-0.5792212690756174,0.34796567589662886,0.6434997523261701,0.46381226874032394,0.8813334278772428,0.037658945855299185,0.04663846585852286
0.746954190889189,0.49032961558785926,0.09187673606976715,0.10776441062888922,0.7393026251377993,-1.6328892444060588,0.369457267885591,0.5334423468819032,1.4496211331206132,-0.5060203725980141,1.5675115950348835,0.13423732042398406,1.1985346245218098,0.008134330183553423,0.12659497270868836,0.018565750244171363
0.7748067385369388,0.417238761765037,0.07166538194374147,0.15578316386583207,0.866722012067674,-1.6183799102168495,0.37202675715991995,0.3862778856445717,1.1056809992410026,-0.515930039738964,1.3183102485507943,0.4753793036495318,1.0276446644349582,0.5349715625343037,0.06214658340059681,0.015448217081255357
