α1,α2,var_α1,var_α2,θ1,θ2,var_θ1,var_θ2,β1,β2,var_β1,var_β2,γ1,γ2,var_γ1,var_γ2
0.825589098656522,0.4062722294957035,0.05616119079107232,0.09904167186483175,0.8564520325747463,-1.7614113388708117,0.2776117670865454,0.274832104703447,0.9977976009374884,-0.5324514358318724,0.10235252514790186,0.5220351967407797,0.0019295547388557721,0.8702666921414215,0.011043743067779842,0.02254391429833797
0.8005806645646645,0.4176170238617327,0.0704574958662922,0.11530732598401844,0.7184510423011133,-1.7859704055595347,0.37871294900727925,0.4096821830636306,1.1292525517053114,-0.5194853612871408,0.8185727803820754,0.07717860665717839,1.050905382965638,0.013678767570804646,0.054044699935703606,0.013395568375941747
0.7870626053123526,0.4456011884387399,0.06651219141902072,0.11778385310005911,1.018827135461544,-1.654275065861791,0.3392899912809052,0.35747351660182725,1.057691380405207,-0.34848593549927975,0.26971738964326764,0.7613745050416415,0.4045671968385524,0.8495569255866613,0.030674078236578927,0.01356803250107488
0.8092357702611082,0.38546333887954665,0.07680115617435378,0.11980905587289176,0.6945368575082572,-1.7741403024056237,0.3537909632734911,0.3780881813329929,1.0176099679867698,-0.5229929328026429,0.4860619237655165,0.2954300573854711,0.527415610014211,0.5230832496029726,0.05250912473620005,0.02366856036780554
0.7979961738540728,0.40616906812839765,0.04537879562806925,0.15093023002827927,0.5617163685654775,-1.7568542418715487,0.5942825269951969,0.7072964885172578,1.0595085980092185,-0.524842972636231,0.18848505423268933,0.08891530791331036,0.04442652207581754,0.005403708048710199,0.041705200765269464,0.011445792592711848
0.7854439659258458,0.43169019308530593,0.06671320220808545,0.13211769266363313,0.9037614170216804,-1.664284599604868,0.31262038500637895,0.38057607752551476,1.0449949445825764,-0.48430309791985565,0.9152661884323271,0.23495100893053084,0.9244087766466379,0.47054473030172544,0.05204642146837596,0.01031958427025987
