α1,α2,var_α1,var_α2,γ1,γ2,var_γ1,var_γ2,θ1,θ2,var_θ1,var_θ2,β1,β2,var_β1,var_β2
1.0,-1.9992814060820723,0.0,0.002713385415190932,1.8644340114095208,0.9596690159639004,0.10312584889341984,0.054589509445589594,2.0017311639783664,1.0019616841140415,0.002076129385357149,0.001324638357978496,0.849560414652184,-1.6462343076453985,0.40895042692959793,0.11157207906862908
1.0,-1.9980130462372137,0.0,0.0023884822026295155,0.8939036943621269,1.9628003320862384,0.1214706183925987,0.06499763267712381,1.9996121429478877,1.0014442804558958,0.001608519085131434,0.0011061312588307216,2.828117162887043,-3.047951559036918,0.7855812956991264,0.3826833716426136
1.0,-2.00429823996477,0.0,0.002731221757663004,-0.04722994279265671,0.977278213973455,0.10657760640733356,0.05392658906600326,1.99443673919352,0.995975046256071,0.0016421254608151674,0.0015480028547419802,1.5986694660523124,-1.338281815305932,0.43264215869574807,0.08607264041416773
1.0,-2.010347044486221,0.0,0.0024755110972059418,0.9430489582535554,-0.003762426803092138,0.09068216904849323,0.04274884109909319,2.0011176108510065,0.996266770886029,0.002001772316227613,0.0016310697447724488,0.24289231965555447,-0.6062877140065742,0.24467964967710915,0.06188784198753243
