α1,α2,var_α1,var_α2,γ1,γ2,var_γ1,var_γ2,θ1,θ2,var_θ1,var_θ2,β1,β2,var_β1,var_β2
0.8940732521460956,-0.4476699746885587,4.542735158328275e-5,0.0001814550314968462,0.003706623229817457,0.5298184056592631,0.0006632538637776179,0.0002698160585192498,0.9998987514110399,1.997512632896899,0.0006559315853219214,0.0014268895776258653,0.6302920808759893,-1.2582992515032787,0.006939221460410054,0.01142928397176524
0.8942536989559251,-0.44725243961914724,5.497541382842096e-5,0.00022338535219867576,0.5198733571812951,9.165077367100927e-6,0.00046342712019884657,0.00022509772396525323,0.9978668059001049,1.996068493091005,0.0006280066696839906,0.00191632891657843,-0.4483150021425581,-0.45223696723510765,0.029406730509685126,0.0023073020450907495
0.8936927759173935,-0.44851187659878666,3.0624368580768876e-5,0.00012121282626578323,1.0411715043979357,0.5212645317153263,0.001055181429351628,0.000545480763385456,1.002273231163442,1.997178873054594,0.0006904729945332105,0.0008067583804846926,-1.7831945555549864,-1.3736819988090325,0.21730386162477341,0.07039991384394019
0.8946910291547018,-0.4465701378877027,2.0657439451651767e-5,8.345801212290015e-5,0.5066794592392868,1.0505595002287758,0.002039056777568625,0.0011906045979374667,0.9982817394224613,1.9999225962395781,0.0006286030888259704,0.0005229295888773571,-0.2820149047017269,-2.3273708098095596,0.21240678653823244,0.19807467837851878
