α1,α2,var_α1,var_α2,γ1,γ2,var_γ1,var_γ2,θ1,θ2,var_θ1,var_θ2,β1,β2,var_β1,var_β2
0.4471457173373831,-0.8944247023470123,5.236874412952493e-5,1.3117987825462376e-5,0.31966876426517443,0.001824000153853263,0.005449845177486793,0.002634018247181939,2.0009385231191223,1.0002608369111081,0.0002273413417944224,0.00018319953339881607,0.6626184441288371,-0.5093768098804865,0.003663926830588878,0.0005742509019528086
0.4471544348530997,-0.8944251634569466,4.548065676210483e-5,1.1341821850437982e-5,0.3170201197353277,0.6489682258168612,0.011843476695191518,0.005116819026396029,1.9997102544517704,0.9996529725557908,0.0002605503076334879,0.0001334172915834209,0.6878200110150339,-0.31270009320338493,0.006388619570303573,0.004208468102674364
0.44668768162492845,-0.8946377863087863,7.498901244758178e-5,1.8826457965454258e-5,-0.003274723115687439,0.32143018906524234,0.006078982842076439,0.0027333302777254867,2.0000578151613304,0.9985248364763991,0.00034156525384831466,0.00024917734961239833,0.5255343397798908,-0.39598815146020827,0.0016794341289369957,0.0016369652423276998
0.44677351553715305,-0.8946108160308421,5.2241426150586e-5,1.2998428326311122e-5,0.628687844231073,0.32495495705498023,0.00752764811747553,0.003592103493440429,2.000569311646616,0.9990087254948193,0.0003098498997836333,0.00014881886457425423,0.7944040332035841,-0.40889976931883326,0.011338627784781589,0.0018215139266829579
