α1,α2,var_α1,var_α2,γ1,γ2,var_γ1,var_γ2,θ1,θ2,var_θ1,var_θ2,β1,β2,var_β1,var_β2
0.4474220655274057,-0.8943065034568477,2.3616369952290182e-5,5.904387813896455e-6,0.3187759944129607,0.00260002566830687,0.004713893734761396,0.0022721634168258536,1.9971068315096303,0.999294547057679,0.0017830207669756687,0.0008303448333297147,-0.5287386251079836,-0.4562320808223298,0.767725001966098,0.05837004721896043
0.44765824539032495,-0.8941874932421904,2.4761721721332565e-5,6.215427327136832e-6,0.2989158252285694,0.6533114772395194,0.007483095289117049,0.00370403750785418,2.0006585161798474,1.001561787854258,0.0014498682829181216,0.00041873702392522847,-0.6370919487097731,-2.410417669669469,1.0642631426597957,1.2418039897065196
0.44694251283838954,-0.8945471120334713,2.2405349776055236e-5,5.589193220859013e-6,0.0017807249318980089,0.32194442034245085,0.005011908541747277,0.002492597680529093,2.0006835397542897,0.9996389384612399,0.0013726072362249882,0.0005208291074589732,0.6622621899979887,-1.217158837036948,0.1182439616571078,0.3757568217769779
0.4469045746072293,-0.8945666737825586,2.153267558590788e-5,5.369186465128699e-6,0.6277536865642265,0.31486815030513093,0.005457942184785507,0.0026203065903218576,2.0021645426726593,1.000242581899262,0.0016476431805362156,0.0005291024752646193,-2.6006292357432415,-1.305034078931365,3.2030319899592,0.3235977174888862
