α1,α2,var_α1,var_α2,γ1,γ2,var_γ1,var_γ2,θ1,θ2,var_θ1,var_θ2,β1,β2,var_β1,var_β2
0.4470026620707379,-0.8944089879274131,0.00017763027380113494,4.466361196186846e-5,0.3114770496534172,0.0042837957936508915,0.009014638102574978,0.0031209942339476427,1.9997361835816096,0.9991933465729638,0.0008445157286162656,0.0005933605202715979,0.6606768213470179,-0.5140768640674076,0.004608852068524482,0.0014331495805488684
0.4476402927855496,-0.8940629794294651,0.0002162849005445772,5.462674626508465e-5,0.3054119630476914,0.6447848416795083,0.011369655900774584,0.007416256611355945,1.9984705495952744,1.0002147581055139,0.0013852272352214295,0.0005896645777476153,0.7064536559058445,-0.29790500142368503,0.008571677883937723,0.004480082882068796
0.44680409410181054,-0.8944520792349523,0.00025847358342820836,6.47218398195875e-5,-0.0010278294613458633,0.3178921327175965,0.007237504798722745,0.003893944830031932,2.000476043252713,0.998978124564274,0.0011874307778811457,0.0008747687467718313,0.5269213667591744,-0.38634015003891037,0.0034683048187881243,0.002041725670470924
0.4464151797781888,-0.8947006515708148,0.00018065809800275464,4.470003502907544e-5,0.6277954396552498,0.33001128561795423,0.010323526569061058,0.006210713163182449,2.002916320680401,0.9991149431469301,0.0009250422291921243,0.0005800175762555073,0.8023612042104721,-0.41177486972344846,0.010665075577540633,0.0021387749824258403
