α1,α2,var_α1,var_α2,γ1,γ2,var_γ1,var_γ2,θ1,θ2,var_θ1,var_θ2,β1,β2,var_β1,var_β2
0.4467640356909759,-0.894631248903321,2.96258000796547e-5,7.3841484593822235e-6,0.32777285171951354,0.0021984728418719414,0.0045534026913706,0.0025426688305636032,1.9988102987530458,0.998343586843353,0.001965041299893578,0.0009660060664550708,-0.6135272544155302,-0.4442260247279096,0.8153322885111397,0.06055413416043046
0.4473459732738496,-0.8943426801449474,2.6307710336627942e-5,6.607532702825244e-6,0.31368280571643853,0.6508553552614437,0.008104696950404501,0.004081448936764137,1.9958361679254966,0.9982620905431859,0.0022318272712139944,0.0005890200845978449,-0.5746234221451307,-2.388924480504814,1.2189548028573003,1.413347531085482
0.4468171697378221,-0.8946077462184779,2.5257019134268564e-5,6.297989285238178e-6,0.001975842862695316,0.32761436150252526,0.004710221163487781,0.00213932011571584,1.9994544401470213,0.9987330410076958,0.002089171306907425,0.0008304355352787716,0.6757622891370239,-1.2544504888104515,0.10904545065181115,0.3325304198007307
0.44706028311782725,-0.8944865589740892,2.4873636280972887e-5,6.180708745230422e-6,0.6271593583447539,0.3291070519811129,0.007508186792674299,0.003071043654865855,2.0053044280920442,1.0022090543050093,0.002194994989278487,0.000595053330251683,-2.171759981763893,-1.2084786446720504,3.6145573008558736,0.34143813147143903
