α1,α2,var_α1,var_α2,γ1,γ2,var_γ1,var_γ2,θ1,θ2,var_θ1,var_θ2,β1,β2,var_β1,var_β2
1.0,2.273332410255698,0.0,0.8544027782516028,-0.024724475168831313,-0.001339014858537907,0.03558485224657421,0.011577438281279457,1.961056408650287,-1.040087804741483,0.5872277746350164,0.49362514805190205,0.682598134986774,-0.24785264346067962,0.35190801606314887,0.13841788623794712
1.0,2.5555633301376663,0.0,20.517548029330946,0.7228212207310015,-0.019256941532989236,0.07924733578419482,0.017401580581404823,1.9555034350769005,-1.0203717251776885,0.3863955840347235,0.22991832966879563,0.7129858393978473,-0.32181727262178283,1.983937845957633,0.29787862217489164
1.0,2.151641895518061,0.0,0.40660668037558967,0.7070778048124915,0.6855246277629767,0.08506349088058643,0.047217378168906476,2.034762754428578,-0.9562913540088367,0.5156391050736491,0.10157040021498309,0.36350156860788574,-0.4316150352652263,0.4379387049127447,0.25901173803794686
1.0,2.0595393040449848,0.0,0.10361932247453794,0.5897999435480871,1.3016121139386332,0.056935354263162354,0.0382795112569483,2.018020954704685,-0.9704582087509463,0.452855162874342,0.0668968906281626,0.6641030202708307,-0.31516578504031834,0.5499253833609822,0.9397568885082419
1.0,2.0576478590657588,0.0,0.6505829249653058,-0.019069194912730562,0.7137749519423414,0.06616461420874234,0.05576643523176748,1.9202337444982676,-1.0009809148617475,0.48739174364562515,0.17450064661326337,0.7743102675055418,-0.5201099002003757,0.4332823512206903,0.4594202934987628
1.0,2.0418014313035435,0.0,0.21891002077756216,1.3635585289458856,0.6981787245005266,0.09186876113640227,0.029001258820077612,2.073847116465518,-1.0263090803988713,0.4783108343318161,0.07708459637409754,0.29448495197338465,-0.43275580259097707,1.024723422724849,0.3283217940669152
