α1,α2,var_α1,var_α2,γ1,γ2,var_γ1,var_γ2,θ1,θ2,var_θ1,var_θ2,β1,β2,var_β1,var_β2
0.44711669252044056,-0.8942956996768919,0.00026023115289432164,6.488481579290398e-5,0.3497780468944561,-0.0032704082775865157,0.06761511943655937,0.06945255085788869,1.9982279901403757,1.0004415028687261,0.01676987337411307,0.008254775819011196,-0.7827187188891083,-0.24991054844769586,4.247524172295315,3.0130145173010203
0.44598529609918475,-0.8949548165326046,0.00012370408492211001,3.083331751679014e-5,0.3994132420579552,0.7231364547477416,0.11310034537621856,0.06997859280199076,1.9820565536988235,0.9881863638622187,0.013327523954455925,0.0048261620241635906,-1.4285488019300325,-3.2100069447889092,5.208489540680185,9.56215658844156
0.4457025874382938,-0.8950409454348421,0.00020370937525110514,4.973461052097518e-5,-0.07037257091904152,0.3730064061519517,0.08483855808880181,0.06738339939303342,1.9932948732040914,0.9936391747652484,0.02128776336215381,0.008069701149065564,0.3254334311850595,-0.866021955506776,3.2370934083435308,4.8448706087753415
0.4476357443471261,-0.8940804791974297,0.00019574482926395015,4.904012112849203e-5,0.7410383058537368,0.3670030801183447,0.08792820964458681,0.08416248336650367,2.010521199469216,1.0069880403338027,0.01805761530384934,0.006253068160891893,-3.548966692100334,-2.6007259953569575,8.035783092604335,7.162088876262012
