α1,α2,var_α1,var_α2,γ1,γ2,var_γ1,var_γ2,θ1,θ2,var_θ1,var_θ2,β1,β2,var_β1,var_β2
1.0,2.196060028614205,0.0,1.542068106431605,0.015503207613317837,0.016579166942423215,0.057661532140861685,0.042156350023467105,1.892282503304094,-1.1588831475037322,0.7987835367564501,0.8163816125276001,1.0681762657671914,-0.1970865504021074,13.093968462258823,1.6696750022503357
1.0,2.044881592752421,0.0,0.29888361751353787,0.7577139988797537,0.0013566694016012811,0.1026874372637511,0.012937673555938145,2.073098525253189,-1.0958510536024781,0.2873625154638608,0.22033574804788428,0.7338484917485677,-0.30962798308945977,6.507418583423031,0.5571856919741912
1.0,2.1792418697905993,0.0,0.33465202824029583,0.6432851748484769,0.7339660258106755,0.04985400384778792,0.04327428381468003,1.9625561916155059,-0.9421385672002204,0.3147726354391659,0.077787995687377,0.4248665032793686,-0.4131143191215934,0.8276846243250261,0.19244446543310825
1.0,2.1683547104065313,0.0,0.7515243935631538,0.6116725034803787,1.3350296299733393,0.0654913928566869,0.042824235989443266,2.071002693967417,-0.9688838327180272,0.4818396919113804,0.05862082534550007,0.6105373139640261,-0.4470381457994737,0.5655097415136886,0.8703895356162602
1.0,2.0786011379384184,0.0,0.4376097955113798,-0.001129454572870059,0.7109690872097851,0.0492632529610575,0.06333270330877301,2.0758734490464317,-1.0844491261099427,0.3663436154763878,0.19507815330253353,0.8029893614562842,-0.47517909755474946,0.8208212578476222,0.5286725813114146
1.0,2.0848208793126584,0.0,0.21337200793319042,1.3447605571376833,0.6829686037199475,0.14566780909419116,0.03334602259204769,1.9702060750931807,-0.9613485178541943,0.3493824363046003,0.07871229774505863,0.49769572291965103,-0.39696050704515656,1.0057081878973013,0.2482323607832337
