α1,α2,var_α1,var_α2,γ1,γ2,var_γ1,var_γ2,θ1,θ2,var_θ1,var_θ2,β1,β2,var_β1,var_β2
1.0,-1.9906762067324777,0.0,0.0058218914409426436,-0.9215220940323615,-0.20101008485266791,2.031307531785884,1.2840924004099183,1.9910551711418938,1.0020526571679842,0.013717045162382313,0.005850097966721131,-1.2645603169419741,-0.36798759230988054,12.192619294447804,4.772326270155603
1.0,-2.0056680909542153,0.0,0.006410357543213824,-0.5757567925353299,-1.591321048451941,1.3267947514925647,2.554050074705335,1.989941207313945,0.9941145119400504,0.019800299005324092,0.007257464570481153,-1.6018230346829474,-1.8253042658217578,10.868282978547663,17.189431067187382
1.0,-2.014405556331322,0.0,0.007793879506624932,-0.23981516642743905,-1.0680628613795675,2.354446397560772,1.8548752017544556,1.9993459832831606,0.9956724761523279,0.020482640336593826,0.008986561138309179,-1.8774757537351077,-0.21571799328963512,9.459701277512044,10.42995979183405
1.0,-2.011933602950708,0.0,0.00542693864952027,-1.8793789427661596,-0.8626896313434078,2.9451405890038718,1.7265900506892944,2.0202378484246437,1.0047759345071237,0.01649848021228469,0.0038823174319530906,-3.9883197749662282,-1.2002130670167594,32.54998113419037,10.126675858248854
