α1,α2,var_α1,var_α2,γ1,γ2,var_γ1,var_γ2,θ1,θ2,var_θ1,var_θ2,β1,β2,var_β1,var_β2
1.0,2.4701766785584414,0.0,6.473667032102319,-0.0049388111297027516,0.019048244914156444,0.1644290345611715,0.04889242653684669,1.849514078747581,-0.9780626168751023,0.2074780066201153,0.08382161569060793,0.6500618276699877,-0.31322662702922544,0.5246266583466186,0.06814604454768633
1.0,2.1695637690089264,0.0,0.8131048086612942,0.7217994506744029,-0.01707073128754697,0.1991427579261607,0.0600533575140376,1.9200916637266214,-0.9647372101598941,0.12568088684439152,0.04174556115169321,0.6254394444583297,-0.2976082598229591,0.1350859339908603,0.02978837494770114
1.0,2.367951064941712,0.0,5.767565862949691,0.7377562403301635,0.67574636669417,0.22696774972237943,0.0722810020824555,1.9514320612373826,-0.9736836984787185,0.11143210767839982,0.0404385852512071,0.5896462439057065,-0.29255316614003635,0.1353155876433603,0.09052050764938108
1.0,1.9921512330257058,0.0,0.2658702786681968,0.5447607718475529,1.2479036762538118,0.16015788207190376,0.07130671362064964,1.9309982388117695,-0.9970255862229409,0.07993652110630466,0.013053447497708537,0.6390482282854613,-0.16528606034839652,0.045807154972799816,0.0953719569507227
1.0,2.2001929506675277,0.0,1.671700244501879,-0.06276294778320754,0.7198990890354517,0.1578638989515575,0.08694259387213026,1.9305173282860448,-0.9673023300427652,0.14464641113214668,0.03811858353966624,0.699200555688593,-0.2965179689529965,0.5029425185029914,0.1571792541838464
1.0,2.0382665289586086,0.0,0.3058050961653476,1.3245781258599068,0.6387162721043477,0.22406364673837248,0.05885912284156145,1.9587120445052355,-0.9930734377910013,0.06358488201474233,0.015370702760396539,0.6686666889687293,-0.21399089589482895,0.032597752713796516,0.031388935491090744
