α1,α2,var_α1,var_α2,γ1,γ2,var_γ1,var_γ2,θ1,θ2,var_θ1,var_θ2,β1,β2,var_β1,var_β2
0.4954298685838088,0.8298961359305536,0.04185825298240101,0.024628261040393038,-0.0296128665217012,0.029526414876773398,0.1659217152056314,0.09391832569127671,1.8001077807117847,-0.9937940729043665,0.23293134889440278,0.09864056862888433,1.6426376197476527,-0.909178384106278,1.822553698432276,0.8463684768089378
0.45051947656119556,0.8864571021064696,0.008451448455476846,0.002887952922327824,0.643581739046644,1.4729266669644607,0.34353911366421064,0.28437932268307814,1.9754386838850977,-0.9819368321712689,0.07192126912554138,0.014939378584589129,1.2300711396289516,-2.267868331105685,4.338637999108571,5.241292125044932
0.4354244754610811,0.887194029470622,0.017517997551514293,0.00600955824760033,-0.03411571178483691,0.8313334743023816,0.11599239907744019,0.05460224402435574,1.9893122628744577,-0.9451333807386382,0.09735124178029743,0.04547183647686369,1.6962325720393983,-1.3495773970383516,0.7449818083759467,0.67157127169435
0.43964713501317954,0.876210134864202,0.029146536616184413,0.010213257561553205,0.8370475143895155,0.020155588604538505,0.18880887433778737,0.03732675006047375,1.9449145946788478,-0.9311669399301452,0.14189537909803382,0.0771238802301488,1.002325378957938,-0.8106545110354724,1.1566975985276415,0.18584444264186606
0.4393035797952523,0.8858251533703725,0.012592714658848961,0.009958964568860595,1.4822099668756192,0.7616793305733731,0.3553012048173846,0.1214745561501024,1.9951302725814617,-0.9462358399201313,0.10863134725414798,0.029630295135168367,0.44054753608444974,-1.2751295695761566,2.566424982990503,1.1555645064391742
0.4609160616735912,0.8748348080116193,0.015246701569962587,0.00719819012961271,0.8835226394742687,0.8661468595182528,0.16429096681092967,0.08715818813560394,1.9327650100121145,-0.9785831191444242,0.11533947669724379,0.03232734954616825,0.8159929648302593,-1.5004596314453522,1.1444697302838733,0.8404031466787486
