α1,α2,var_α1,var_α2,γ1,γ2,var_γ1,var_γ2,θ1,θ2,var_θ1,var_θ2,β1,β2,var_β1,var_β2
1.0,3.4298171916054967,0.0,96.22339649495984,0.011503963743157557,0.01700137977222896,0.03403349841448266,0.008770335766219802,1.9255008558895705,-0.9440424592376583,0.13730181161188526,0.083221892795984,0.3773782683994659,-0.20276317353729287,0.02996638893985095,0.009389340316592111
1.0,2.280422948917886,0.0,1.6423822245836213,0.47446042328957494,0.010084599827986858,0.025093745087531937,0.006927488734961963,1.9468062648329587,-0.9723851114434765,0.08564864818428264,0.05304417462688547,0.46776160823508917,-0.19948468523734356,0.012764073103708291,0.005795044542389359
1.0,2.2101503230618684,0.0,1.2077356206790544,0.4931191626495864,0.4806191456697736,0.018595882000033235,0.009991609837949885,1.9998833409129853,-0.9666992704530973,0.05285844341959844,0.021204086924579035,0.4828111312098208,-0.10638087718361028,0.008505139230395182,0.004974684422677734
1.0,2.036853904911565,0.0,0.23411533697827316,0.4423202824712581,0.9732067853966778,0.027129226952485933,0.03218107005143852,1.9685484697132036,-0.9909046046608446,0.041422167011283144,0.011185236320985363,0.5292923181351267,-0.007712888769792567,0.00896626517745608,0.009444746371325486
1.0,2.089038582610139,0.0,0.47068609854051824,0.009526507363062285,0.49504746091466406,0.01509057576882392,0.010745712814336372,1.9525037637684521,-0.9874883761672764,0.06950568051974315,0.028552442059349932,0.42047825141657547,-0.13762376424511097,0.01259314876164789,0.017250551512696825
1.0,2.0564836467375853,0.0,0.19279187446129678,0.9421660946326575,0.4811399473541557,0.036792948761996236,0.010288255222312748,1.98426054847967,-0.9854511211271748,0.038895758352402526,0.009821042773924328,0.5961226739393766,-0.1073203108438563,0.010178368245543143,0.0056935735425604
