α1,α2,var_α1,var_α2,γ1,γ2,var_γ1,var_γ2,θ1,θ2,var_θ1,var_θ2,β1,β2,var_β1,var_β2
0.4473725824898688,-0.8942874042617125,8.711350818772406e-5,2.1786507159595137e-5,0.31854218693082315,-0.006275381757671903,0.016781602369083864,0.01634990702815812,1.9942477714389648,0.9982780470969498,0.007343587604615916,0.003544158888900404,-0.7471280551390084,-0.4634422127421252,1.159591753841443,0.4823165862086118
0.44688312277783476,-0.8945259714019669,9.59513885969829e-5,2.4009281805291264e-5,0.3388824458206572,0.6870054642918478,0.017259235290231233,0.01806089302050828,1.9937128605879588,0.9961680790662163,0.006422938830077351,0.0023524617618657494,-1.4075911558605239,-3.9281664075413767,1.9655851446017834,5.953796553264411
0.4478109504262095,-0.8940747191856482,7.729847684766998e-5,1.941787818191323e-5,-0.005287681257873335,0.33304348162258196,0.015786207417398043,0.011988063039669117,1.9924964156798586,0.9983414196832543,0.006905320832200608,0.0028336972272859635,0.4567491942000656,-1.2634655738483043,0.48700195414097014,1.3849776073375801
0.44695265747342283,-0.894508758553425,7.068324299436355e-5,1.7602462718548656e-5,0.6837688547102103,0.30835811055215606,0.015467850871528176,0.017740657811534367,1.995086737323099,0.9971283365291755,0.005642556851414401,0.0021939075841355127,-2.753282386971758,-2.3310960269180123,3.7244933500204334,2.175204966373925
