α1,α2,var_α1,var_α2,γ1,γ2,var_γ1,var_γ2,θ1,θ2,var_θ1,var_θ2,β1,β2,var_β1,var_β2
0.44581656248847357,-0.8950511030283309,0.00010589023154898974,2.6549746965258506e-5,-0.0012480815535965489,0.2629559118868724,0.0009389836933834251,0.0005575400338097329,2.006164434824371,0.9983993734413505,0.0069255451429973015,0.0005138527154053506,0.04135643845557147,0.1673431717603832,0.06973273245830752,0.09567102622515342
0.44649802669237737,-0.894673867341529,0.00016026323602868283,3.9921871006782405e-5,0.5216349821139137,0.2602616179231516,0.0014498685441378901,0.0005740640229774868,2.012263163667567,1.002803581742459,0.011666778050153984,0.0007580695650275898,0.9547941319527479,0.07143645916321416,0.07197226448963615,0.07235867105901282
0.4496381641919039,-0.8931478964876779,9.06447861116479e-5,2.284642779850015e-5,0.2612058366260638,-0.0004567824301109727,0.0009286969889834997,0.0004308984002375175,1.9831292993544232,0.9976376850216969,0.007691860247182345,0.0008716326637404856,0.9409432152121471,-0.499719037264076,0.06510029508106961,0.011779503327552704
0.44688909637120205,-0.8945215398230886,9.809242312225755e-5,2.448367491908056e-5,0.25603472563014934,0.5297626944093661,0.0010795254920825583,0.0004975599705608093,2.0036914942393755,1.0000221063981802,0.009550407439733151,0.0008089258643745293,0.20989487622302458,0.7354410570577545,0.057086673077481366,0.25887823233480484
