α1,α2,var_α1,var_α2,γ1,γ2,var_γ1,var_γ2,θ1,θ2,var_θ1,var_θ2,β1,β2,var_β1,var_β2
0.4509305261209928,-0.8919895219181729,0.0008124984717619453,0.0002141211246358141,0.2768390440390537,-0.005090048127991197,0.014660896415954123,0.007173359542322764,1.9856882160355604,0.9987733836288304,0.04633323709722528,0.005306089970061703,1.060281748473136,-0.5022522701398721,0.42057369893711266,0.18516757141851797
0.45344315470002977,-0.8908164355586606,0.0006689286288595414,0.0001748931835117507,0.2747268146484137,0.5497603809394319,0.017636395232237614,0.008481794127675458,1.9720185167065523,0.9971735074026431,0.061777074161990006,0.00600359684282804,0.11174574104723249,0.5454972638761282,0.32928712231695856,0.6305968070707793
0.4411808315154562,-0.8967874211285775,0.0009277998353594216,0.0002154276483639381,0.02980242087362857,0.26572617728914,0.012469834338437565,0.006549085485431845,2.043561712327539,0.9993871154784822,0.048754889719818624,0.0041474378710039065,-0.034949911839331375,0.2278856270838078,0.31139229028216264,0.24375993582991534
0.44791737918449426,-0.8933407406834383,0.0010629693522408738,0.000262629091859856,0.5367000683370382,0.27625168021152613,0.014306077680745774,0.007109061401924603,1.9882905851135328,0.9882732269718448,0.07440266480658993,0.006257141359695698,0.8348186109505135,0.05440560425556737,0.27141261344805584,0.21900692435020136
