α1,α2,var_α1,var_α2,γ1,γ2,var_γ1,var_γ2,θ1,θ2,var_θ1,var_θ2,β1,β2,var_β1,var_β2
0.44202892123140985,-0.847704595397331,0.020352366971082118,0.06652374589482017,0.2881576684918547,0.0010639191865670686,0.08358799757457933,0.05118480788469409,1.9650520696646543,0.8762163170166916,0.11009049882183443,0.19554778933423683,0.6347499308070421,-0.5053180968780291,0.11358420620545981,0.021425046204242022
0.45264321264875773,-0.8462774256382102,0.018484244287230275,0.0612416556099163,0.025290483479322067,0.24309647729447137,0.1111027101588975,0.054633746339668415,1.956761804516474,0.8949202816595324,0.12102695348115554,0.19231213780063397,0.3197728480197905,-0.25935067639980164,0.09958266192355676,0.025196129496047596
0.45818740032882693,-0.8637115727903434,0.012282240254752531,0.03222950237953286,0.2414788611401122,0.46693909979472503,0.12789406462738862,0.0599794148101617,1.9447924766129137,0.9358128520992117,0.11223292872836267,0.10501784251702782,0.3985617042026496,-0.009844317225460615,0.14880353109149838,0.03189219505536014
0.4427406795363741,-0.8797395455047378,0.009980319749062778,0.020362127482035322,0.5450124863947082,0.2384597900123385,0.16393694869462652,0.061514081813567184,2.001683201301059,0.9452067183008414,0.07490872175433776,0.07843475057232557,0.6540475858919922,-0.27284617397322863,0.15301345933077318,0.02614430410406839
