α1,α2,var_α1,var_α2,γ1,γ2,var_γ1,var_γ2,θ1,θ2,var_θ1,var_θ2,β1,β2,var_β1,var_β2
0.4508169271935714,-0.8906480265938925,0.002729329463125188,0.0008163178905625745,0.03275681413147284,0.2692564166372548,0.05240472004547972,0.01914497894768897,1.982405982594611,0.9967362152199978,0.022828558674459744,0.0045422425792411856,0.3206028963301457,-0.27649231783609013,0.03197336954752359,0.008049514947565218
0.4486730880108501,-0.8741305361837156,0.0021489388146107066,0.03278870341364992,0.3185783631136266,0.018092999820066735,0.06651841355256387,0.02348092683764929,1.9958591015318057,0.9767395465083409,0.01678809796110474,0.049158599803091216,0.6213009193462452,-0.5059425055864215,0.04512059386909678,0.0076106778477586425
0.4429251194429015,-0.8875039415702656,0.006047190946858811,0.01027007396600377,0.4966263635940474,0.28926115468023733,0.07846609277353993,0.04115597618971108,2.0002123462067787,0.9605121781726246,0.06114825100639562,0.03573450143611004,0.6730714548471082,-0.2745404041092969,0.06632393312038824,0.013788380807456526
0.45042119226038446,-0.8907799872348221,0.002927067135994917,0.0007413812525544233,0.23810977933696173,0.5349511298366422,0.06940563164021574,0.03838854136378742,1.980874394070974,0.9945951528826857,0.023862169519422122,0.005584212266448392,0.3481583993783935,-0.028071172508272336,0.04828690164728032,0.01633764728569303
