α1,α2,var_α1,var_α2,γ1,γ2,var_γ1,var_γ2,θ1,θ2,var_θ1,var_θ2,β1,β2,var_β1,var_β2
0.448782321125475,-0.8934650455201217,0.00025309371893113264,6.47251487027856e-5,0.2601149710758407,-0.000463695879610187,0.003553735862403858,0.0015078112274836601,1.9755484241617074,0.990476275959914,0.01552658109741817,0.001469300964884874,0.9860906312531627,-0.49424490439102153,0.12676855684838767,0.027807354812227913
0.44752800346784083,-0.8941027773431598,0.00024110246230405334,6.0826486520326525e-5,0.007987351169523753,0.26721622701632985,0.003217703820546885,0.0016400042244081954,1.9955718010826515,0.9972294258179464,0.013643472509448983,0.001298182999240734,0.033311562648967244,0.1469236796572032,0.10783976565109059,0.11168894866548836
0.4495152635799553,-0.8931009395077396,0.0002477012825996786,6.213675683094274e-5,0.54577421350418,0.26906000850522765,0.003358326390786549,0.0023926149402141482,1.9940075220798565,1.0014882744891396,0.017931446350888797,0.0013943873619954065,0.8886920798001847,0.09103353691893087,0.10365537786907289,0.11846140799014422
0.44758866986954465,-0.8940763695287056,0.000236141745596753,5.863406731383358e-5,0.2717966178840763,0.5515371236605214,0.0030004462267554594,0.0017318380039603497,1.9941285040877503,0.9959808942200634,0.020713619580480968,0.0016561373697429266,0.2489183360115781,0.464113974503837,0.0769865349636715,0.24372326339205577
