α1,α2,var_α1,var_α2,θ1,θ2,var_θ1,var_θ2,β1,β2,var_β1,var_β2,γ1,γ2,var_γ1,var_γ2
0.6605757638610618,0.2854169142504233,0.1024047880959652,0.3735409647912482,0.7616811142997819,-1.1071391182230577,0.7039567131498282,0.5386446679012009,0.905384911973446,-0.5317811440604289,0.9341650918321056,0.5134819012008811,0.03792071000922271,0.029797192307624263,0.2965655911115645,0.1724473813911016
0.699427120804651,0.35813925099980537,0.11280211891205973,0.27396551920569434,0.812146445036924,-1.2821845461781913,0.6250876119468354,0.527716454409282,0.931665750911796,-0.5689791946734161,1.7896441646153256,0.34478334972643715,0.9711617565397276,0.022923033145812545,0.2626374538141788,0.11238984963335437
0.5172890904297812,0.5349819244760948,0.2503779518838947,0.20019492449841303,0.9153563522222431,-1.0855961266927765,0.537578427625876,0.7058412319765841,1.1590341369222863,-0.3605545808394096,1.5963548810600625,0.6172775362906304,0.4508066290738936,0.4586434999900779,0.4274185831082011,0.1338235203760395
0.7119303306753594,0.3638402518000507,0.09576874873492011,0.2719568580575579,0.9121090453515827,-1.2974975076110526,0.6317680148610386,0.5217343643784865,1.0847871572919123,-0.459010822645692,1.156192446802475,0.9561440256350489,0.43394828679410025,0.8400662522770068,0.2778285207450827,0.1411480230970067
0.7142359367607719,0.2721638311742723,0.11851149227363028,0.30459674178524765,0.7090857629358749,-1.2273273452993927,0.634288160815172,0.5875317340353827,0.9167929382465195,-0.4343628990052747,0.9354992975903847,1.0912899971705758,0.07854944186531805,0.7927982356421535,0.2389970612206551,0.15773391414128451
0.5807703990950145,0.46057733543486234,0.22896504331612907,0.22542432757230849,0.8719131978138008,-1.1766351803127848,0.508421664413597,0.7261215765269805,1.1630844828064426,-0.4589739007832375,1.5824283280870173,0.5658352601241958,0.719833279268501,0.4294835006614653,0.4540006163510272,0.1234672952372532
