α1,α2,var_α1,var_α2,γ1,γ2,var_γ1,var_γ2,θ1,θ2,var_θ1,var_θ2,β1,β2,var_β1,var_β2
0.44952921025609593,-0.8931234455438575,0.00020469600469296128,5.1869799750539584e-5,0.25281217819953006,0.5190275281154437,0.004198265888322825,0.003533126621455024,1.9935558198865067,1.003004121439099,0.0013637548334944306,0.0004943333514357775,0.3846082061398964,-0.14667984162392753,0.0033356821154119265,0.0021710402431290433
0.44212831065751684,-0.8968359283565417,0.0001688135804540949,4.116068620285576e-5,0.5319721773668811,0.2644140483842145,0.005194772849040411,0.0028897295957134874,2.0120828241858333,0.9916356452675938,0.0010042934684341114,0.00045260297046630197,0.6130264509016485,-0.31249700108156675,0.004188361870656381,0.0011637769044495103
0.4470372458452352,-0.8943283012060432,0.000270504387407443,6.746580352140415e-5,0.27093292276716335,0.004491703942858415,0.005790626989737249,0.0029028859658508993,1.9990428034261314,0.9988132074334546,0.0014459850931570874,0.0007725878014909076,0.6192032869215351,-0.4945856184944667,0.004831466800325795,0.00091598239986042
0.44699896912305465,-0.8944217308596707,0.0001626158228573233,4.111040837221937e-5,-0.00286112354136486,0.2744998035349495,0.004250970839208977,0.003183414441847863,2.0009590601634137,0.999737208050467,0.0009181919602473457,0.00044783634904100076,0.36593382255956186,-0.31703216584888955,0.003789206156328661,0.001300685503617243
