α1,α2,var_α1,var_α2,γ1,γ2,var_γ1,var_γ2,θ1,θ2,var_θ1,var_θ2,β1,β2,var_β1,var_β2
0.446467611000711,-0.8946139684034969,0.00026923246014088286,6.66461910357892e-5,0.0008061635557082294,0.2669136751390619,0.0031855606118475492,0.0019431348013994403,1.9985431361737995,0.9968972982721752,0.00608226640124738,0.0017561017145411811,0.5855122487583295,-0.5682945583789695,0.09229475593923882,0.10334389753811614
0.44737147895317186,-0.8941776526482176,0.00024548811908442795,6.267887462815777e-5,0.5349603607985461,0.2726032178659226,0.003149316635667811,0.0017466442247313935,2.0029416994058136,1.0014268832063271,0.007361725881037211,0.0015954776812330805,0.5438255094765437,-0.6360289830798412,0.060702934075458855,0.10027803849809365
0.44497842166875606,-0.8953988137387462,0.0002067656370885364,5.0980427991070356e-5,0.2627034549223191,0.5424214750834712,0.003113179392129775,0.001921554362878691,2.0087650519750238,0.9975118096429071,0.008475951827875368,0.0015290074696276477,0.894417989127357,-1.0444394941900348,0.09684557478424483,0.2812738394804498
0.448303434462713,-0.8937084879888135,0.0002500416340292657,6.225043231876113e-5,0.25992216747439634,-0.001016687188772854,0.0031521466177113714,0.0017061106202928221,2.0087867580509142,1.0077721947462854,0.004993784053390993,0.0026446750272591294,0.49012079531164154,-0.5020449886388362,0.06893292711314453,0.02141838064068533
